-- phpMyAdmin SQL Dump
-- version 5.0.2
-- https://www.phpmyadmin.net/
--
-- Host: 127.0.0.1
-- Tempo de geração: 22-Mar-2023 às 10:53
-- Versão do servidor: 10.4.14-MariaDB
-- versão do PHP: 7.4.10

SET SQL_MODE = "NO_AUTO_VALUE_ON_ZERO";
START TRANSACTION;
SET time_zone = "+00:00";


/*!40101 SET @OLD_CHARACTER_SET_CLIENT=@@CHARACTER_SET_CLIENT */;
/*!40101 SET @OLD_CHARACTER_SET_RESULTS=@@CHARACTER_SET_RESULTS */;
/*!40101 SET @OLD_COLLATION_CONNECTION=@@COLLATION_CONNECTION */;
/*!40101 SET NAMES utf8mb4 */;

--
-- Banco de dados: `football_data`
--

-- --------------------------------------------------------

--
-- Estrutura da tabela `badge`
--

CREATE TABLE `badge` (
  `id` int(11) NOT NULL,
  `name` text NOT NULL,
  `points` int(11) NOT NULL,
  `image_url` text NOT NULL,
  `description` text NOT NULL
) ENGINE=InnoDB DEFAULT CHARSET=latin1;

-- --------------------------------------------------------

--
-- Estrutura da tabela `balance_history`
--

CREATE TABLE `balance_history` (
  `id` int(11) NOT NULL,
  `starting_balance` decimal(10,2) DEFAULT NULL,
  `transaction_amount` decimal(10,2) DEFAULT NULL,
  `transaction_date` datetime DEFAULT NULL,
  `running_balance` decimal(10,2) DEFAULT NULL,
  `notes` text DEFAULT NULL,
  `team_id` int(11) NOT NULL
) ENGINE=InnoDB DEFAULT CHARSET=utf8mb4;

--
-- Extraindo dados da tabela `balance_history`
--

INSERT INTO `balance_history` (`id`, `starting_balance`, `transaction_amount`, `transaction_date`, `running_balance`, `notes`, `team_id`) VALUES
(1, '100000.00', '98001.00', '2023-02-27 22:51:36', '20000.00', NULL, 21);

-- --------------------------------------------------------

--
-- Estrutura da tabela `country`
--

CREATE TABLE `country` (
  `id` int(11) NOT NULL,
  `name` text NOT NULL
) ENGINE=InnoDB DEFAULT CHARSET=latin1;

--
-- Extraindo dados da tabela `country`
--

INSERT INTO `country` (`id`, `name`) VALUES
(1, 'Portugal'),
(2, 'United Kingdom'),
(3, 'Spain'),
(4, 'Germany'),
(5, 'Italy');

-- --------------------------------------------------------

--
-- Estrutura da tabela `formation`
--

CREATE TABLE `formation` (
  `id` int(11) NOT NULL,
  `name` varchar(45) NOT NULL
) ENGINE=InnoDB DEFAULT CHARSET=latin1;

--
-- Extraindo dados da tabela `formation`
--

INSERT INTO `formation` (`id`, `name`) VALUES
(1, '4-4-2'),
(2, '4-3-3');

-- --------------------------------------------------------

--
-- Estrutura da tabela `league`
--

CREATE TABLE `league` (
  `id` int(11) NOT NULL,
  `name` text NOT NULL,
  `image_url` int(11) DEFAULT NULL,
  `active` int(11) NOT NULL DEFAULT 1,
  `teams_limit` int(11) NOT NULL DEFAULT 10,
  `date_start` timestamp NULL DEFAULT NULL,
  `date_end` timestamp NULL DEFAULT NULL,
  `teams_reached` int(11) NOT NULL DEFAULT 0
) ENGINE=InnoDB DEFAULT CHARSET=utf8mb4;

--
-- Extraindo dados da tabela `league`
--

INSERT INTO `league` (`id`, `name`, `image_url`, `active`, `teams_limit`, `date_start`, `date_end`, `teams_reached`) VALUES
(1, 'Portuguese League', NULL, 2, 4, '2023-02-28 17:35:01', NULL, 4);

-- --------------------------------------------------------

--
-- Estrutura da tabela `manager`
--

CREATE TABLE `manager` (
  `id` int(11) NOT NULL,
  `user_id` int(11) NOT NULL,
  `creat_at` timestamp NOT NULL DEFAULT current_timestamp()
) ENGINE=InnoDB DEFAULT CHARSET=latin1;

--
-- Extraindo dados da tabela `manager`
--

INSERT INTO `manager` (`id`, `user_id`, `creat_at`) VALUES
(1, 1, '2019-12-25 21:09:11'),
(2, 2, '2019-12-25 21:09:11'),
(7, 8, '2019-12-29 12:29:13'),
(8, 10, '2019-12-29 14:59:49'),
(9, 11, '2019-12-29 16:58:01'),
(10, 7, '2019-12-29 16:58:01'),
(11, 12, '2020-01-19 22:41:56'),
(12, 13, '2023-02-07 16:38:55'),
(13, 14, '2023-02-08 18:25:00');

-- --------------------------------------------------------

--
-- Estrutura da tabela `manager_has_badge`
--

CREATE TABLE `manager_has_badge` (
  `id` int(11) NOT NULL,
  `badge_id` int(11) NOT NULL,
  `user_id` int(11) NOT NULL,
  `date_created` timestamp NOT NULL DEFAULT current_timestamp()
) ENGINE=InnoDB DEFAULT CHARSET=latin1;

-- --------------------------------------------------------

--
-- Estrutura da tabela `matchs`
--

CREATE TABLE `matchs` (
  `id` int(11) NOT NULL,
  `score_away` int(11) NOT NULL DEFAULT 0,
  `score_home` int(11) NOT NULL DEFAULT 0,
  `status` varchar(1) NOT NULL DEFAULT '1',
  `team_away_id` int(11) NOT NULL,
  `team_home_id` int(11) NOT NULL,
  `subs_home` int(11) DEFAULT 0,
  `subs_away` int(11) DEFAULT 0,
  `date_game` date DEFAULT NULL,
  `round` int(11) DEFAULT NULL,
  `completed` int(11) NOT NULL DEFAULT 0,
  `generated` int(11) NOT NULL DEFAULT 0,
  `league_id` int(11) DEFAULT NULL
) ENGINE=InnoDB DEFAULT CHARSET=latin1;

--
-- Extraindo dados da tabela `matchs`
--

INSERT INTO `matchs` (`id`, `score_away`, `score_home`, `status`, `team_away_id`, `team_home_id`, `subs_home`, `subs_away`, `date_game`, `round`, `completed`, `generated`, `league_id`) VALUES
(394, 0, 1, '2', 13, 20, 0, 0, '2023-02-28', 1, 0, 0, 1),
(395, 0, 2, '2', 22, 21, 0, 0, '2023-02-28', 1, 0, 0, 1),
(396, 0, 0, '1', 20, 22, 0, 0, '2023-03-07', 2, 0, 0, 1),
(397, 0, 0, '1', 21, 13, 0, 0, '2023-03-07', 2, 0, 0, 1),
(398, 0, 0, '1', 21, 20, 0, 0, '2023-03-14', 3, 0, 0, 1),
(399, 0, 0, '1', 13, 22, 0, 0, '2023-03-14', 3, 0, 0, 1);

-- --------------------------------------------------------

--
-- Estrutura da tabela `match_invite`
--

CREATE TABLE `match_invite` (
  `id` int(11) NOT NULL,
  `user_one_id` int(11) NOT NULL,
  `user_two_id` int(11) NOT NULL,
  `created_at` datetime NOT NULL DEFAULT current_timestamp(),
  `status` int(11) DEFAULT 1
) ENGINE=InnoDB DEFAULT CHARSET=utf8mb4;

-- --------------------------------------------------------

--
-- Estrutura da tabela `match_report`
--

CREATE TABLE `match_report` (
  `id` int(11) NOT NULL,
  `minute` varchar(45) NOT NULL,
  `date_created` varchar(45) NOT NULL DEFAULT current_timestamp(),
  `Player_id` int(11) NOT NULL,
  `match_id` int(11) NOT NULL,
  `team_id` int(11) NOT NULL,
  `comment` text NOT NULL,
  `situation` text NOT NULL
) ENGINE=InnoDB DEFAULT CHARSET=latin1;

-- --------------------------------------------------------

--
-- Estrutura da tabela `player`
--

CREATE TABLE `player` (
  `id` int(11) NOT NULL,
  `name` text NOT NULL,
  `date_birthday` text NOT NULL,
  `image_url` text NOT NULL,
  `attack_capacity` float NOT NULL,
  `deffense_capacity` float NOT NULL,
  `middle_capacity` float NOT NULL,
  `stamina` float NOT NULL,
  `speed_capacity` float NOT NULL,
  `aggressivity_capacity` float NOT NULL,
  `skills_capacity` float NOT NULL,
  `height` double NOT NULL,
  `weight_capacity` float NOT NULL,
  `number` int(11) NOT NULL,
  `Position_id` int(11) DEFAULT NULL,
  `Country_id` int(11) NOT NULL,
  `price_cost` int(11) NOT NULL,
  `price_stars` int(11) NOT NULL,
  `status` text NOT NULL,
  `moral` int(11) NOT NULL DEFAULT 100,
  `goalkeeper_capacity` float NOT NULL DEFAULT 5
) ENGINE=InnoDB DEFAULT CHARSET=latin1;

--
-- Extraindo dados da tabela `player`
--

INSERT INTO `player` (`id`, `name`, `date_birthday`, `image_url`, `attack_capacity`, `deffense_capacity`, `middle_capacity`, `stamina`, `speed_capacity`, `aggressivity_capacity`, `skills_capacity`, `height`, `weight_capacity`, `number`, `Position_id`, `Country_id`, `price_cost`, `price_stars`, `status`, `moral`, `goalkeeper_capacity`) VALUES
(1, '	Toni Vicente', '1/7/1985\r\n', 'https://premierleague-static-files.s3.amazonaws.com/premierleague/photos/players/250x250/p109745.png', 7.33, 5.5, 2.81, 5.29, 7.64, 7.64, 7.18, 1.73, 1.65, 7, 4, 1, 100000, 1, '', 100, 5),
(2, 'Cedric Doorson\r\n', '1/7/1985\r\n', 'https://premierleague-static-files.s3.amazonaws.com/premierleague/photos/players/250x250/p41464.png', 2.2, 8.19, 6.2, 6.76, 5.96, 9.23, 2.97, 1.9, 6.13, 7, 4, 1, 100000, 1, '', 100, 5),
(3, 'Jadson Da Silva\r\n', '1/7/1985\r\n', 'https://premierleague-static-files.s3.amazonaws.com/premierleague/photos/players/250x250/p91047.png', 8.73, 7.2, 5.39, 100, 8.98, 8.2, 7.44, 1.84, 3.77, 7, 3, 1, 100000, 1, '', 100, 5),
(4, 'Trogillio Overman\r\n', '1/7/1985\r\n', 'https://premierleague-static-files.s3.amazonaws.com/premierleague/photos/players/250x250/p181008.png', 2.2, 8.19, 6.2, 6.76, 5.96, 9.23, 2.97, 1.9, 6.13, 7, 4, 1, 100000, 1, '', 100, 5),
(5, 'Andio Adipi\r\n', '1/7/1985\r\n', 'https://premierleague-static-files.s3.amazonaws.com/premierleague/photos/players/250x250/p126184.png', 7.33, 5.5, 2.81, 5.29, 7.64, 7.64, 7.18, 1.73, 1.65, 7, 4, 1, 100000, 1, '', 100, 5),
(6, 'Yang Liu\r\n', '1/7/1985\r\n', 'https://premierleague-static-files.s3.amazonaws.com/premierleague/photos/players/250x250/p215061.png', 2.2, 8.19, 6.2, 6.76, 5.96, 9.23, 2.97, 1.9, 6.13, 7, 5, 1, 100000, 1, '', 100, 5),
(7, 'Eneko Aguilar\r\n', '1/7/1985\r\n', 'https://premierleague-static-files.s3.amazonaws.com/premierleague/photos/players/250x250/p433979.png', 2.73, 6.72, 5.39, 6.03, 8.98, 3.1, 7.44, 1.84, 3.77, 7, 3, 1, 100000, 1, '', 100, 5),
(8, 'Ardo Puna\r\n', '1/7/1999\r\n', 'https://premierleague-static-files.s3.amazonaws.com/premierleague/photos/players/250x250/p55605.png', 2.2, 8.19, 6.2, 6.76, 5.96, 9.23, 2.97, 1.9, 6.13, 7, 4, 1, 1100000, 1, '', 100, 5),
(9, 'Ekhi Bravo\r\n', '1/7/1985\r\n', 'https://premierleague-static-files.s3.amazonaws.com/premierleague/photos/players/250x250/p155569.png', 7.33, 5.5, 2.81, 5.29, 7.64, 7.64, 7.18, 1.73, 1.65, 7, 3, 1, 100000, 1, '', 100, 5),
(10, 'Achraf Charaf\r\n', '1/7/1985\r\n', 'https://premierleague-static-files.s3.amazonaws.com/premierleague/photos/players/40x40/p199598.png', 2.2, 8.19, 6.2, 6.76, 5.96, 9.23, 2.97, 1.9, 6.13, 7, 4, 1, 100000, 1, '', 100, 5),
(11, 'Iván Murías\r\n', '1/7/1985\r\n', 'https://premierleague-static-files.s3.amazonaws.com/premierleague/photos/players/250x250/p120250.png', 2.73, 6.72, 5.39, 6.03, 8.98, 3.1, 7.44, 1.84, 3.77, 7, 3, 1, 100000, 1, '', 100, 5),
(12, 'Cristian Viana\r\n', '1/7/1985\r\n', 'https://premierleague-static-files.s3.amazonaws.com/premierleague/photos/players/250x250/p145235.png', 2.2, 10, 100, 100, 100, 100, 100, 1.9, 6.13, 7, 4, 1, 100000, 1, '', 100, 5),
(13, 'Sergio Santolaya\r\n', '1/7/1985\r\n', 'https://premierleague-static-files.s3.amazonaws.com/premierleague/photos/players/250x250/p104953.png', 7.33, 7.2, 2.81, 8.29, 7.64, 6.64, 7.18, 1.73, 1.65, 7, 1, 1, 100000, 1, '', 100, 5),
(14, 'Diego Esteban\r\n', '1/7/1985\r\n', 'https://premierleague-static-files.s3.amazonaws.com/premierleague/photos/players/250x250/p48615.png', 2.2, 8.19, 6.2, 6.76, 5.96, 9.23, 2.97, 1.9, 6.13, 7, 4, 1, 100000, 1, '', 100, 5),
(15, 'Ion Elizegi\r\n', '1/7/1985\r\n', 'https://premierleague-static-files.s3.amazonaws.com/premierleague/photos/players/250x250/p156689.png', 2.73, 6.72, 5.39, 6.03, 8.98, 3.1, 7.44, 1.84, 3.77, 7, 3, 1, 100000, 1, '', 100, 5),
(16, 'Miguel Domínguez\r\n', '1/7/1985\r\n', 'https://premierleague-static-files.s3.amazonaws.com/premierleague/photos/players/250x250/p78356.png', 2.2, 8.19, 6.2, 6.76, 5.96, 9.23, 2.97, 1.9, 6.13, 7, 4, 1, 100000, 1, '', 100, 5),
(17, 'Miguel Rodríguez\r\n', '1/7/1985\r\n', 'https://premierleague-static-files.s3.amazonaws.com/premierleague/photos/players/250x250/p154506.png', 7.33, 9.2, 2.81, 7.29, 7.64, 7.64, 7.18, 1.73, 1.65, 7, 1, 1, 100000, 1, '', 100, 5),
(18, 'Mika\r\n', '1/7/1985\r\n', 'https://premierleague-static-files.s3.amazonaws.com/premierleague/photos/players/250x250/p12745.png', 2.2, 8.19, 6.2, 6.76, 5.96, 9.23, 2.97, 1.9, 6.13, 7, 4, 1, 100000, 1, '', 100, 5),
(19, 'Evaldo\r\n', '1/7/1985\r\n', 'https://premierleague-static-files.s3.amazonaws.com/premierleague/photos/players/250x250/p169102.png', 2.73, 6.72, 5.39, 6.03, 8.98, 3.1, 7.44, 1.84, 3.77, 7, 3, 1, 100000, 1, '', 100, 5),
(20, 'Matheus\r\n', '1/7/1985\r\n', 'https://premierleague-static-files.s3.amazonaws.com/premierleague/photos/players/250x250/p166640.png', 2.2, 8.19, 6.2, 6.76, 5.96, 9.23, 2.97, 1.9, 6.13, 7, 4, 1, 100000, 1, '', 100, 5),
(21, 'Diogo Rosado\r\n', '1/7/1985\r\n', 'https://premierleague-static-files.s3.amazonaws.com/premierleague/photos/players/250x250/p195855.png', 7.33, 5.5, 2.81, 5.29, 7.64, 7.64, 7.18, 1.73, 1.65, 7, 3, 1, 100000, 1, '', 100, 5),
(22, 'Kaby Djaló\r\n', '1/7/1985\r\n', 'https://www.ligaportugal.pt/media/22358/pizzi.jpg', 2.2, 8.19, 6.2, 6.76, 5.96, 9.23, 2.97, 1.9, 6.13, 7, 5, 1, 100000, 1, '', 100, 5),
(23, 'Philippe Coutinho\r\n', '1/7/1993\r\n', 'https://premierleague-static-files.s3.amazonaws.com/premierleague/photos/players/250x250/p84583.png', 2.73, 6.72, 5.39, 6.03, 8.98, 3.1, 7.44, 1.84, 3.77, 7, 3, 1, 100000, 1, '', 100, 5),
(24, 'Betinho\r\n', '1/7/1985\r\n', 'https://tmssl.akamaized.net/images/portrait/originals/283130-1542106491.png', 2.2, 8.19, 6.2, 6.76, 5.96, 9.23, 2.97, 1.9, 6.13, 7, 4, 1, 100000, 1, '', 100, 5),
(25, 'Rudy\r\n', '1/7/1985\r\n', 'https://tmssl.akamaized.net/images/portrait/originals/134602-1553895530.png', 7.33, 5.5, 2.81, 5.29, 7.64, 7.64, 7.18, 1.73, 1.65, 7, 5, 1, 100000, 1, '', 100, 5),
(26, 'Cristiano Figueiredos', '1/7/1985\r\n', 'https://premierleague-static-files.s3.amazonaws.com/premierleague/photos/players/250x250/p232980.png', 2.2, 8.19, 6.2, 6.76, 5.96, 9.23, 2.97, 1.9, 6.13, 7, 1, 1, 100000, 1, '', 100, 5),
(31, 'Everett Bosco', '1983-09-07 08:56:28.067', 'https://loremflickr.com/1234/2345', 7.5046, 7.4521, 1.8508, 5.6485, 4.2121, 0.7474, 3.3543, 1.9703, 6.8522, 71, 4, 4, 432871, 162, '1', 100, 5),
(32, 'Emilio Greenfelder', '2000-01-13 03:15:49.794', 'https://loremflickr.com/1234/2345', 2.722, 6.0452, 1.5891, 7.8959, 6.4114, 4.454, 6.2364, 1.5168, 5.757, 16, 4, 5, 601468, 932, '1', 100, 5),
(33, 'Nathaniel Cormier', '2002-02-03 03:36:50.551', 'https://loremflickr.com/1234/2345', 8.1295, 3.7698, 0.9158, 7.7818, 7.3454, 5.1605, 2.3931, 1.5403, 2.2894, 89, 4, 1, 960948, 317, '1', 100, 5),
(34, 'Daniel Goyette', '1998-07-15 03:05:15.056', 'https://loremflickr.com/1234/2345', 8.8961, 8.6741, 5.8899, 3.9184, 7.0095, 4.314, 8.6409, 1.5241, 7.4326, 27, 3, 2, 897851, 251, '1', 100, 5),
(35, 'Hubert Trantow MD', '1989-01-17 20:50:59.794', 'https://loremflickr.com/1234/2345', 6.8767, 1.6626, 1.5716, 8.4848, 3.4145, 1.7965, 7.0486, 1.5411, 3.0496, 97, 5, 1, 253131, 930, '1', 100, 5),
(36, 'Peter Gutmann', '1995-01-23 20:17:44.997', 'https://loremflickr.com/1234/2345', 3.9854, 9.3806, 7.3991, 0.6198, 5.432, 2.794, 1.9866, 1.6351, 7.2996, 2, 4, 5, 953997, 577, '1', 100, 5),
(37, 'Mr. Milton Schinner', '2001-02-27 13:33:06.874', 'https://loremflickr.com/1234/2345', 0.8896, 6.9488, 9.031, 5.4044, 5.9837, 4.1137, 5.6724, 1.9807, 8.9449, 37, 3, 4, 810812, 670, '1', 100, 5),
(38, 'Mark Paucek', '2002-06-05 10:31:06.221', 'https://loremflickr.com/1234/2345', 8.955, 0.794, 8.3264, 9.7117, 7.6341, 8.0247, 4.0646, 1.673, 6.0852, 21, 3, 4, 379593, 9, '1', 100, 5),
(39, 'Guillermo Cummerata', '1981-04-19 02:56:34.590', 'https://loremflickr.com/1234/2345', 9.7052, 0.7817, 2.5087, 1.7181, 7.6385, 9.9834, 4.4072, 1.5309, 7.5593, 76, 1, 4, 991547, 348, '1', 100, 5),
(40, 'Homer Kreiger', '1998-02-07 22:06:50.792', 'https://loremflickr.com/1234/2345', 7.1133, 5.6257, 6.3583, 2.9468, 7.6982, 0.6457, 4.145, 1.5737, 0.7796, 6, 5, 5, 259785, 30, '1', 100, 5),
(41, 'Timmy Stoltenberg', '1996-02-28 14:51:54.255', 'https://loremflickr.com/1234/2345', 9.0722, 9.5811, 1.2028, 3.6479, 8.2543, 6.7051, 2.5375, 1.6047, 4.9964, 61, 4, 3, 430111, 732, '1', 100, 5),
(42, 'Gerard Schmitt', '1996-11-02 11:52:19.609', 'https://loremflickr.com/1234/2345', 9.5319, 8.434, 6.7921, 4.6384, 4.5182, 5.3414, 0.899, 1.7237, 8.4008, 83, 5, 2, 690254, 286, '1', 100, 5),
(43, 'Ms. Timmy Gorczany', '1995-03-19 22:53:51.307', 'https://loremflickr.com/1234/2345', 4.3842, 3.0835, 9.2629, 2.1125, 7.7788, 1.0398, 4.929, 1.6845, 8.8038, 48, 4, 2, 803385, 233, '1', 100, 5),
(44, 'Michael Ullrich', '1982-11-28 08:49:44.739', 'https://loremflickr.com/1234/2345', 5.1105, 7.7569, 7.8549, 2.3336, 9.4766, 8.4135, 5.1518, 1.9561, 7.3311, 4, 5, 2, 811258, 713, '1', 100, 5),
(45, 'Myron Stanton', '1986-05-18 15:49:12.729', 'https://loremflickr.com/1234/2345', 6.6308, 8.9281, 9.5837, 8.548, 5.3443, 5.3781, 3.5281, 1.9458, 4.5554, 27, 5, 2, 879510, 935, '1', 100, 5),
(46, 'Darin Rath', '2003-07-07 16:30:50.520', 'https://loremflickr.com/1234/2345', 5.9494, 7.1119, 9.5044, 1.8289, 0.9531, 1.823, 3.8685, 1.735, 1.4693, 15, 4, 2, 763675, 675, '1', 100, 5),
(47, 'Melvin Collier', '1987-01-15 11:59:06.544', 'https://loremflickr.com/1234/2345', 8.5319, 3.8134, 1.0194, 5.6424, 1.1743, 3.1964, 2.9022, 2.0098, 7.7221, 18, 3, 3, 245473, 334, '1', 100, 5),
(48, 'Wm Rodriguez III', '2004-07-09 20:30:40.425', 'https://loremflickr.com/1234/2345', 6.1123, 6.9677, 5.6396, 7.4408, 4.7323, 7.2223, 6.848, 1.761, 6.1384, 56, 5, 2, 258071, 663, '1', 100, 5),
(49, 'Mrs. Jamie West Sr.', '1998-01-28 07:37:36.217', 'https://loremflickr.com/1234/2345', 1.2049, 2.7159, 6.0319, 3.6214, 7.0086, 1.2977, 9.5238, 1.5479, 9.3518, 86, 1, 3, 940941, 949, '1', 100, 5),
(50, 'Patrick Braun', '1989-04-23 22:30:19.796', 'https://loremflickr.com/1234/2345', 1.3973, 2.9104, 1.9039, 0.8315, 6.0034, 0.5106, 4.4542, 1.7783, 5.0987, 91, 1, 3, 569282, 580, '1', 100, 5),
(51, 'Randall Jones V', '1996-03-03 04:47:13.556', 'https://loremflickr.com/1234/2345', 3.2678, 7.7749, 3.2592, 0.8197, 7.1962, 7.2297, 3.6976, 1.8963, 9.2402, 13, 3, 1, 175464, 904, '1', 100, 5),
(52, 'Rogelio Lubowitz', '1992-07-08 22:41:25.402', 'https://loremflickr.com/1234/2345', 7.3992, 0.8123, 9.8544, 2.6395, 7.231, 9.9132, 9.6996, 1.9083, 3.2698, 60, 5, 3, 800898, 538, '1', 100, 5),
(53, 'Francis Smith', '1987-11-17 17:22:10.956', 'https://loremflickr.com/1234/2345', 4.4895, 6.8005, 4.5645, 3.9775, 2.4507, 8.2821, 3.9098, 1.7487, 9.8055, 74, 1, 3, 793387, 804, '1', 100, 5),
(54, 'Dexter Conn', '1999-05-08 12:46:06.018', 'https://loremflickr.com/1234/2345', 4.3607, 5.71, 3.6365, 6.158, 7.1746, 3.6661, 8.554, 1.7813, 7.5913, 87, 4, 2, 967067, 43, '1', 100, 5),
(55, 'Russell Borer', '2004-06-16 07:03:02.919', 'https://loremflickr.com/1234/2345', 8.8133, 0.8912, 2.6718, 0.6217, 3.9479, 4.3953, 2.0048, 1.6863, 7.0487, 24, 1, 4, 781493, 129, '1', 100, 5),
(56, 'Maurice Steuber', '1989-01-31 13:28:12.463', 'https://loremflickr.com/1234/2345', 8.4996, 4.7911, 8.61, 5.4353, 3.9057, 5.5904, 8.9988, 1.7509, 5.7579, 4, 5, 4, 700754, 371, '1', 100, 5),
(57, 'Cameron Cummings', '1990-08-19 15:19:55.849', 'https://loremflickr.com/1234/2345', 6.85, 3.2198, 2.53, 6.4053, 9.8186, 3.0307, 4.9333, 1.7627, 6.5015, 71, 1, 3, 604849, 746, '1', 100, 5),
(58, 'Omar Blick Sr.', '1998-07-29 22:20:34.598', 'https://loremflickr.com/1234/2345', 0.5475, 4.4038, 1.2573, 4.8709, 7.9083, 2.0093, 1.3606, 1.8297, 6.4943, 16, 5, 3, 539711, 644, '1', 100, 5),
(59, 'Mario Baumbach', '1987-05-12 06:53:33.304', 'https://loremflickr.com/1234/2345', 5.8698, 8.3911, 9.7812, 3.2153, 4.5765, 7.0265, 9.591, 1.5745, 2.275, 67, 5, 2, 757627, 917, '1', 100, 5),
(60, 'Vernon Connelly V', '2000-05-28 20:54:01.971', 'https://loremflickr.com/1234/2345', 4.2546, 3.3983, 5.4358, 4.8192, 4.4167, 7.749, 6.5845, 1.5475, 1.0287, 70, 4, 4, 914268, 925, '1', 100, 5),
(61, 'Carlos Feil DDS', '1995-01-02 13:50:54.161', 'https://loremflickr.com/1234/2345', 6.0789, 2.9804, 7.0916, 1.4984, 9.8139, 9.431, 2.4346, 1.9568, 2.0773, 15, 4, 2, 340404, 938, '1', 100, 5),
(62, 'Merle Harvey', '1993-11-07 22:09:54.049', 'https://loremflickr.com/1234/2345', 4.5182, 5.603, 9.6648, 9.4755, 9.1737, 6.2026, 2.8768, 1.9859, 8.9893, 91, 5, 2, 788335, 451, '1', 100, 5),
(63, 'Gabriel Ortiz', '1998-09-08 05:34:05.402', 'https://loremflickr.com/1234/2345', 7.9169, 6.5944, 1.5559, 3.064, 1.7089, 3.2215, 2.8404, 1.7586, 5.9837, 59, 5, 3, 222212, 362, '1', 100, 5),
(64, 'Clint Sporer', '1982-07-09 09:53:32.254', 'https://loremflickr.com/1234/2345', 8.812, 7.4857, 5.3618, 7.0287, 4.6529, 0.8475, 6.0829, 1.7028, 1.262, 31, 3, 5, 630141, 328, '1', 100, 5),
(65, 'Eugene Hermann', '2002-04-20 04:36:07.697', 'https://loremflickr.com/1234/2345', 5.045, 9.1111, 9.5856, 3.404, 8.3626, 7.7426, 2.3241, 1.6238, 2.5855, 59, 5, 4, 495228, 615, '1', 100, 5),
(66, 'Mr. Luke Little', '1983-10-17 09:30:54.692', 'https://loremflickr.com/1234/2345', 3.1337, 2.4706, 9.7919, 7.2294, 6.127, 6.9351, 3.3531, 1.9764, 4.3857, 28, 5, 2, 129072, 377, '1', 100, 5),
(67, 'Ms. Byron Smith', '1984-02-01 14:58:46.248', 'https://loremflickr.com/1234/2345', 1.5124, 1.5525, 7.9042, 9.6119, 0.9546, 9.3821, 4.6025, 1.9856, 0.6299, 53, 4, 2, 160014, 604, '1', 100, 5),
(68, 'Owen Runolfsdottir', '1986-01-23 21:19:39.682', 'https://loremflickr.com/1234/2345', 7.3144, 4.8686, 4.9996, 1.991, 6.2125, 8.8922, 5.273, 1.9983, 0.7593, 92, 4, 2, 935846, 799, '1', 100, 5),
(69, 'Willis Willms', '2004-01-04 23:02:56.642', 'https://loremflickr.com/1234/2345', 1.6031, 4.5726, 7.1198, 7.1742, 3.4309, 7.7366, 0.9966, 1.8842, 7.494, 41, 1, 2, 272170, 46, '1', 100, 5),
(70, 'Ken Jacobi', '1995-04-28 21:51:50.618', 'https://loremflickr.com/1234/2345', 4.7639, 2.5021, 9.7949, 7.1145, 0.8067, 3.6688, 3.3104, 1.8728, 3.4334, 30, 3, 2, 314748, 466, '1', 100, 5),
(71, 'Jeff Block', '2004-04-26 06:06:17.034', 'https://loremflickr.com/1234/2345', 0.6849, 2.6011, 6.3252, 7.3779, 8.3731, 7.9095, 7.7956, 1.9895, 6.7914, 88, 4, 4, 552111, 490, '1', 100, 5),
(72, 'Eugene Howell', '1983-01-27 04:15:51.222', 'https://loremflickr.com/1234/2345', 9.6212, 0.9966, 5.1897, 8.0768, 9.2266, 4.2138, 8.8545, 1.9503, 8.3649, 18, 4, 4, 211994, 726, '1', 100, 5),
(73, 'Arturo Cummings', '1980-05-23 23:54:22.065', 'https://loremflickr.com/1234/2345', 5.153, 7.3014, 5.0361, 4.9819, 6.7541, 7.4179, 1.2974, 1.6365, 4.616, 8, 5, 3, 557153, 512, '1', 100, 5),
(74, 'Jimmie Huels', '1982-07-06 23:59:06.876', 'https://loremflickr.com/1234/2345', 3.0992, 2.6621, 9.6277, 2.6961, 4.0012, 3.3925, 3.1884, 1.5517, 1.159, 47, 3, 2, 373114, 395, '1', 100, 5),
(75, 'Brent Olson', '2004-10-28 17:21:58.651', 'https://loremflickr.com/1234/2345', 8.2315, 4.6192, 5.7447, 6.8208, 1.7008, 3.315, 9.1935, 1.5822, 2.8854, 54, 5, 2, 899399, 196, '1', 100, 5),
(76, 'Brandon Konopelski', '1987-08-15 08:27:12.542', 'https://loremflickr.com/1234/2345', 8.6336, 5.5239, 7.228, 4.2613, 7.7557, 6.4233, 3.9017, 1.9899, 1.7429, 90, 3, 1, 332436, 247, '1', 100, 5),
(77, 'Don Wuckert', '1981-03-27 19:39:49.027', 'https://loremflickr.com/1234/2345', 4.6181, 0.5648, 0.7985, 1.0358, 5.499, 3.2283, 9.4784, 1.8977, 6.2097, 23, 1, 4, 282684, 473, '1', 100, 5),
(78, 'Ms. Shane Hintz', '2004-04-23 02:46:01.514', 'https://loremflickr.com/1234/2345', 6.005, 3.5776, 4.1822, 8.4186, 0.9749, 7.1601, 4.6277, 1.5975, 9.5708, 81, 1, 2, 973162, 755, '1', 100, 5),
(79, 'Elmer Beatty', '1992-10-02 08:30:15.612', 'https://loremflickr.com/1234/2345', 6.8291, 1.9984, 4.5945, 5.6024, 5.191, 8.6442, 3.5931, 1.5635, 6.7964, 41, 5, 2, 921589, 770, '1', 100, 5),
(80, 'Tyler Romaguera', '1995-12-06 01:05:44.029', 'https://loremflickr.com/1234/2345', 1.1331, 2.7753, 5.7944, 0.9133, 1.0272, 8.9735, 8.1577, 1.8875, 1.946, 68, 1, 3, 301530, 857, '1', 100, 5),
(81, 'Santos White', '1994-11-23 06:48:23.819', 'https://loremflickr.com/1234/2345', 2.4958, 9.2581, 9.0934, 5.3902, 2.9889, 3.0127, 1.8091, 2.0352, 9.1549, 21, 4, 5, 114182, 381, '1', 100, 5),
(82, 'Dr. Jerome Zboncak', '2002-09-07 17:41:15.326', 'https://loremflickr.com/1234/2345', 5.737, 3.3782, 1.2277, 1.4695, 5.1325, 0.5912, 1.2921, 1.884, 5.4345, 82, 1, 1, 697086, 102, '1', 100, 5),
(83, 'Angel Morissette', '1981-03-01 17:25:37.750', 'https://loremflickr.com/1234/2345', 1.881, 8.8643, 3.8118, 5.608, 0.7327, 6.4148, 9.2965, 1.5901, 1.4925, 48, 1, 4, 828635, 634, '1', 100, 5),
(84, 'Austin Mraz Sr.', '2001-10-26 11:07:03.513', 'https://loremflickr.com/1234/2345', 8.0149, 3.0457, 6.7602, 9.726, 3.1422, 4.3887, 3.2361, 1.6125, 5.3021, 70, 5, 4, 964844, 733, '1', 100, 5),
(85, 'Boyd Brakus', '2002-02-25 22:58:11.753', 'https://loremflickr.com/1234/2345', 1.6046, 4.4521, 9.4581, 5.9121, 6.5566, 9.3973, 2.9109, 1.6637, 4.1466, 47, 4, 4, 334966, 901, '1', 100, 5),
(86, 'Randy Kilback', '1992-07-17 09:48:48.390', 'https://loremflickr.com/1234/2345', 5.2143, 1.3979, 5.4417, 2.848, 3.8346, 1.8214, 6.8527, 1.805, 7.0705, 78, 5, 2, 444024, 528, '1', 100, 5),
(87, 'Miss Dale Grant III', '1992-08-28 16:10:34.637', 'https://loremflickr.com/1234/2345', 8.2632, 3.3755, 2.4025, 6.6229, 6.3439, 3.1741, 3.3711, 2.0491, 8.7482, 84, 3, 5, 409717, 943, '1', 100, 5),
(88, 'Chris Abshire', '1988-04-05 18:39:50.535', 'https://loremflickr.com/1234/2345', 9.7603, 7.7003, 1.4516, 3.2191, 6.9318, 4.3783, 7.7462, 1.8853, 9.0581, 25, 3, 4, 200522, 427, '1', 100, 5),
(89, 'Otis Armstrong', '1995-09-15 11:50:21.129', 'https://loremflickr.com/1234/2345', 1.6005, 3.2876, 6.2425, 8.2928, 1.3764, 6.4921, 7.2068, 1.8337, 9.4515, 72, 3, 3, 407755, 390, '1', 100, 5),
(90, 'Mike Kulas', '2003-11-26 04:17:08.067', 'https://loremflickr.com/1234/2345', 2.8887, 4.211, 6.3166, 8.3081, 5.9561, 2.9992, 1.0211, 1.8169, 5.148, 80, 5, 1, 716906, 862, '1', 100, 5),
(91, 'Mark Larson', '1994-08-22 19:29:19.428', 'https://loremflickr.com/1234/2345', 8.2708, 4.064, 1.8749, 7.677, 5.2594, 9.2081, 0.9185, 1.8084, 1.8966, 53, 5, 3, 632028, 265, '1', 100, 5),
(92, 'Ms. Henry Davis', '1986-03-19 15:58:50.066', 'https://loremflickr.com/1234/2345', 2.698, 4.8438, 7.6914, 9.9018, 8.4626, 4.9004, 8.2597, 1.689, 5.4034, 50, 3, 1, 316675, 233, '1', 100, 5),
(93, 'Guillermo Bailey', '1999-01-08 11:38:13.299', 'https://loremflickr.com/1234/2345', 4.19, 1.8415, 4.3259, 8.9665, 3.3682, 3.2447, 0.6593, 1.5767, 9.6906, 33, 1, 2, 473771, 494, '1', 100, 5),
(94, 'Woodrow Daugherty', '1999-04-16 14:37:31.528', 'https://loremflickr.com/1234/2345', 5.3035, 2.7443, 7.0585, 5.4644, 2.4752, 7.8709, 3.6775, 1.5119, 4.0911, 41, 5, 4, 333588, 199, '1', 100, 5),
(95, 'Mrs. Ray Little', '1982-10-07 14:44:51.912', 'https://loremflickr.com/1234/2345', 3.9208, 9.0134, 7.6877, 9.8526, 1.978, 2.0967, 4.328, 1.6114, 0.5348, 62, 5, 5, 164323, 531, '1', 100, 5),
(96, 'Jonathon Koch', '2001-01-19 22:22:03.855', 'https://loremflickr.com/1234/2345', 4.1644, 8.4473, 6.64, 5.6387, 7.3211, 2.855, 6.7688, 1.8961, 3.0045, 63, 5, 1, 550111, 131, '1', 100, 5),
(97, 'Neil Gerlach', '2004-12-27 16:57:42.879', 'https://loremflickr.com/1234/2345', 9.6388, 5.7281, 7.763, 2.731, 2.2638, 9.6571, 4.0021, 1.5562, 7.3553, 15, 3, 4, 694868, 555, '1', 100, 5),
(98, 'Ray Lindgren', '1999-11-24 22:16:03.868', 'https://loremflickr.com/1234/2345', 7.6155, 0.7478, 5.8018, 6.5968, 4.9703, 7.8691, 3.1265, 2.014, 5.0676, 6, 1, 2, 824155, 280, '1', 100, 5),
(99, 'Dr. Jeremy Becker', '1980-05-15 20:07:33.165', 'https://loremflickr.com/1234/2345', 7.1823, 1.7818, 6.0029, 7.1035, 1.7876, 1.7314, 5.7271, 1.7941, 5.687, 83, 3, 1, 313863, 858, '1', 100, 5),
(100, 'Roosevelt Smith', '1988-07-29 17:23:04.916', 'https://loremflickr.com/1234/2345', 8.8542, 4.2316, 6.4632, 3.6193, 8.8057, 0.5685, 6.5069, 1.8809, 7.7619, 35, 4, 1, 462076, 356, '1', 100, 5),
(101, 'Daryl Howell', '1987-01-04 10:59:04.442', 'https://loremflickr.com/1234/2345', 3.7161, 1.7396, 5.1388, 2.7418, 7.7932, 4.533, 8.7964, 1.5986, 2.4099, 64, 3, 4, 615570, 26, '1', 100, 5),
(102, 'Nicholas Glover', '1980-08-21 20:10:41.847', 'https://loremflickr.com/1234/2345', 1.7491, 7.9685, 0.872, 1.8301, 5.2432, 2.4692, 2.1371, 1.7974, 7.9964, 79, 5, 2, 390924, 534, '1', 100, 5),
(103, 'Dustin Kemmer', '1982-08-08 08:52:16.310', 'https://loremflickr.com/1234/2345', 5.5462, 1.0525, 6.4094, 4.6486, 9.4702, 3.1231, 4.0335, 1.5566, 8.063, 32, 3, 3, 761487, 983, '1', 100, 5),
(104, 'Thomas Zboncak', '2004-02-04 20:19:01.522', 'https://loremflickr.com/1234/2345', 5.1647, 4.7881, 1.603, 3.9574, 2.8835, 3.8779, 6.0884, 1.7635, 1.546, 24, 4, 1, 836298, 155, '1', 100, 5),
(105, 'Orville Bednar', '1986-09-29 19:28:13.801', 'https://loremflickr.com/1234/2345', 5.5323, 6.5396, 7.5867, 1.2247, 9.6661, 5.3053, 6.8584, 1.9732, 2.0033, 17, 4, 4, 585998, 591, '1', 100, 5),
(106, 'Miss Elbert Crona', '2003-06-30 03:07:02.915', 'https://loremflickr.com/1234/2345', 9.7344, 5.6406, 5.635, 0.6468, 4.0493, 4.4126, 0.9758, 1.905, 9.7709, 7, 1, 1, 261948, 235, '1', 100, 5),
(107, 'Rick Ullrich', '1983-12-01 18:57:40.476', 'https://loremflickr.com/1234/2345', 5.3138, 4.9433, 2.7175, 1.9481, 7.6383, 5.5292, 0.854, 1.6729, 2.5481, 9, 4, 4, 639765, 264, '1', 100, 5),
(108, 'Jean Romaguera', '1998-03-30 17:49:57.312', 'https://loremflickr.com/1234/2345', 9.6251, 2.0108, 5.7632, 6.1433, 2.629, 1.7365, 7.7304, 1.5671, 4.7243, 68, 1, 2, 513630, 915, '1', 100, 5),
(109, 'Roland King', '2003-03-29 02:49:41.861', 'https://loremflickr.com/1234/2345', 8.5066, 9.3835, 8.4515, 3.0892, 1.6613, 6.857, 6.2609, 1.6491, 6.1176, 75, 3, 3, 593948, 403, '1', 100, 5),
(110, 'Aaron Bruen', '1980-07-03 03:43:12.091', 'https://loremflickr.com/1234/2345', 9.4433, 1.2715, 9.7959, 8.4443, 9.1242, 9.1828, 9.5089, 1.6994, 3.2858, 91, 3, 3, 600356, 667, '1', 100, 5),
(111, 'Ignacio Spencer', '1991-04-09 12:31:38.726', 'https://loremflickr.com/1234/2345', 7.2797, 5.4373, 5.2918, 7.0299, 9.2337, 6.375, 1.9608, 1.9851, 1.4446, 80, 3, 1, 179407, 969, '1', 100, 5),
(112, 'Levi Kozey', '1994-09-22 15:29:35.784', 'https://loremflickr.com/1234/2345', 5.2677, 1.2627, 5.3084, 5.8663, 6.1366, 5.4175, 2.3994, 1.8225, 3.0731, 78, 5, 4, 521351, 604, '1', 100, 5),
(113, 'Earnest White', '1985-09-24 19:18:31.266', 'https://loremflickr.com/1234/2345', 3.4936, 5.7221, 6.4965, 9.0475, 8.9849, 4.8442, 9.8774, 1.9567, 2.7095, 27, 3, 4, 796478, 828, '1', 100, 5),
(114, 'Jody Jenkins', '1990-10-05 12:12:33.476', 'https://loremflickr.com/1234/2345', 4.5178, 4.5484, 9.7534, 2.2249, 3.1618, 4.8048, 1.3643, 1.82, 9.2126, 96, 4, 2, 176607, 278, '1', 100, 5),
(115, 'Eric O\'Connell', '1981-12-19 22:52:34.834', 'https://loremflickr.com/1234/2345', 1.0547, 7.8939, 8.5094, 7.8155, 5.9799, 5.8117, 2.3453, 1.8256, 9.2386, 1, 5, 2, 201016, 952, '1', 100, 5),
(116, 'Derek Paucek', '1991-09-09 07:39:50.007', 'https://loremflickr.com/1234/2345', 3.2816, 8.0941, 2.2472, 2.4629, 4.3639, 1.8146, 3.4464, 2.0148, 8.8437, 43, 5, 5, 733633, 259, '1', 100, 5),
(117, 'Miss Ronnie Jacobi', '1994-06-02 06:14:45.407', 'https://loremflickr.com/1234/2345', 2.3626, 4.7086, 5.8394, 8.7096, 9.039, 1.2392, 1.0456, 1.9991, 8.6989, 42, 3, 2, 230077, 591, '1', 100, 5),
(118, 'Santiago Lesch', '2001-12-19 20:48:06.749', 'https://loremflickr.com/1234/2345', 7.6187, 4.9003, 0.6711, 6.8037, 3.9, 4.147, 2.0236, 1.7757, 4.8837, 6, 4, 4, 433052, 231, '1', 100, 5),
(119, 'Ms. Shaun Gutmann', '1987-11-25 12:33:23.870', 'https://loremflickr.com/1234/2345', 4.4759, 1.0315, 5.8771, 0.7125, 7.9317, 4.4479, 3.2053, 1.8035, 2.3044, 31, 3, 5, 268923, 14, '1', 100, 5),
(120, 'Antonio Greenfelder Jr.', '1995-05-06 08:19:25.139', 'https://loremflickr.com/1234/2345', 8.2238, 1.5705, 8.5154, 7.704, 8.3475, 2.4657, 3.5609, 1.6027, 1.9726, 86, 5, 3, 980192, 672, '1', 100, 5),
(121, 'Angel Hauck', '1995-07-08 06:02:27.189', 'https://loremflickr.com/1234/2345', 7.2356, 8.778, 4.8739, 0.6605, 8.3339, 7.5379, 7.4558, 1.8365, 8.5982, 61, 3, 3, 123125, 975, '1', 100, 5),
(122, 'Daryl Quigley', '2003-09-25 16:33:24.007', 'https://loremflickr.com/1234/2345', 3.5172, 1.3826, 4.8336, 2.4838, 6.3223, 8.7532, 9.6898, 1.7873, 8.7547, 67, 4, 5, 723591, 40, '1', 100, 5),
(123, 'Mr. Jake Tremblay', '1993-05-14 10:10:25.073', 'https://loremflickr.com/1234/2345', 1.7046, 8.513, 9.402, 1.5407, 7.1188, 0.5267, 4.7452, 1.9451, 9.3124, 27, 4, 3, 756022, 783, '1', 100, 5),
(124, 'Luther Brekke', '1980-11-03 22:32:15.250', 'https://loremflickr.com/1234/2345', 6.6091, 7.3789, 6.2828, 6.6499, 4.9157, 6.3632, 2.9779, 1.9589, 9.5046, 68, 3, 4, 953365, 200, '1', 100, 5),
(125, 'Philip Marvin', '2004-06-27 21:51:51.320', 'https://loremflickr.com/1234/2345', 6.6162, 9.925, 0.6881, 4.6262, 5.6046, 4.7791, 7.7985, 1.997, 8.9629, 34, 5, 5, 460494, 947, '1', 100, 5),
(126, 'Wade Shanahan', '1994-01-30 20:44:29.457', 'https://loremflickr.com/1234/2345', 6.362, 3.8247, 9.5715, 8.2457, 4.3407, 3.2522, 3.816, 1.5061, 1.9332, 46, 5, 3, 120381, 776, '1', 100, 5),
(127, 'Roy Skiles DDS', '1994-08-11 04:14:12.930', 'https://loremflickr.com/1234/2345', 7.0184, 6.5872, 1.8316, 5.0634, 7.6941, 6.7025, 5.4437, 1.8164, 7.6928, 35, 5, 5, 267328, 519, '1', 100, 5),
(128, 'Lyle Bailey', '1984-11-02 20:56:36.273', 'https://loremflickr.com/1234/2345', 1.5192, 6.0934, 2.0178, 2.5152, 8.3194, 9.033, 6.9013, 1.8059, 4.6289, 47, 5, 2, 907647, 427, '1', 100, 5),
(129, 'Alejandro Kertzmann', '1991-09-15 09:56:23.539', 'https://loremflickr.com/1234/2345', 1.105, 9.8814, 3.1642, 2.995, 2.1684, 0.6505, 8.8049, 1.7209, 3.4471, 91, 5, 2, 893073, 782, '1', 100, 5),
(130, 'Allan McKenzie', '1997-02-05 20:47:12.034', 'https://loremflickr.com/1234/2345', 5.9155, 5.8468, 3.9903, 4.6297, 9.0924, 3.4183, 1.9685, 1.8064, 2.1744, 20, 3, 2, 334249, 35, '1', 100, 5),
(131, 'Andy Dickinson', '1980-09-22 15:41:38.498', 'https://loremflickr.com/1234/2345', 9.2731, 6.5429, 4.4055, 2.2659, 1.0328, 8.8746, 9.9796, 1.9476, 9.1563, 27, 5, 4, 723220, 510, '1', 100, 5),
(132, 'Jean Wunsch', '1993-05-28 07:44:21.583', 'https://loremflickr.com/1234/2345', 0.8451, 8.6038, 1.111, 1.036, 9.1821, 8.1045, 4.8137, 1.7381, 8.4909, 11, 5, 3, 242596, 453, '1', 100, 5),
(133, 'Marlon Mitchell', '1995-09-21 14:24:48.692', 'https://loremflickr.com/1234/2345', 7.1664, 0.9821, 2.7222, 8.6238, 7.0325, 4.9868, 7.1679, 1.8448, 8.2408, 4, 5, 3, 350084, 749, '1', 100, 5),
(134, 'Miguel Kirlin', '1998-11-26 23:33:58.751', 'https://loremflickr.com/1234/2345', 5.3464, 2.5063, 0.5972, 9.9778, 4.0022, 5.6316, 1.1005, 1.5364, 2.3572, 46, 1, 2, 746388, 781, '1', 100, 5),
(135, 'Ryan Berge', '1995-03-02 04:25:10.751', 'https://loremflickr.com/1234/2345', 1.562, 3.5386, 2.4386, 5.3844, 2.2166, 2.994, 6.5383, 1.6075, 9.7365, 38, 5, 1, 535075, 608, '1', 100, 5),
(136, 'Miss Jim Rempel', '1980-12-23 22:08:20.075', 'https://loremflickr.com/1234/2345', 6.6052, 5.6449, 1.6822, 3.8777, 5.4817, 1.9922, 3.4539, 1.8663, 5.7314, 40, 3, 3, 761536, 285, '1', 100, 5),
(137, 'Wilbert Raynor', '1999-02-18 01:21:02.398', 'https://loremflickr.com/1234/2345', 5.4472, 6.9914, 3.204, 8.1931, 6.8077, 5.0418, 6.1252, 1.8874, 5.8382, 27, 4, 4, 888143, 733, '1', 100, 5),
(138, 'Marty Lynch', '2004-03-20 22:19:11.230', 'https://loremflickr.com/1234/2345', 3.3228, 9.7433, 8.7456, 3.3304, 5.8936, 9.6954, 7.4861, 2.0414, 9.7049, 36, 3, 2, 580448, 72, '1', 100, 5),
(139, 'Cary Shields', '1983-04-30 09:10:48.293', 'https://loremflickr.com/1234/2345', 4.024, 7.2451, 2.6631, 0.9381, 4.8167, 5.9001, 6.5904, 1.5632, 6.8417, 47, 3, 4, 938249, 108, '1', 100, 5),
(140, 'Dean Nicolas', '1999-01-09 17:52:46.386', 'https://loremflickr.com/1234/2345', 4.4335, 8.0991, 6.4204, 1.4964, 4.7061, 7.1085, 7.0997, 1.6589, 6.9281, 37, 1, 3, 203999, 341, '1', 100, 5),
(141, 'Roy Boyle MD', '1987-03-27 11:50:29.864', 'https://loremflickr.com/1234/2345', 2.1135, 1.7157, 1.3972, 2.445, 6.4706, 2.4122, 0.783, 1.8884, 6.0146, 49, 4, 3, 371546, 549, '1', 100, 5),
(142, 'Tomas Gorczany', '2000-07-14 21:02:21.198', 'https://loremflickr.com/1234/2345', 9.3114, 5.7672, 3.8447, 8.16, 1.6635, 5.4349, 7.4867, 1.545, 7.6965, 67, 4, 2, 912589, 641, '1', 100, 5),
(143, 'Mrs. Guy Pfannerstill', '1980-12-01 15:16:45.007', 'https://loremflickr.com/1234/2345', 8.0961, 1.0126, 4.3927, 8.045, 5.3456, 7.41, 2.3639, 1.9369, 4.5061, 56, 3, 4, 228004, 456, '1', 100, 5),
(144, 'Emanuel Witting Jr.', '1981-07-21 17:01:06.174', 'https://loremflickr.com/1234/2345', 5.076, 1.4034, 2.8083, 0.9545, 5.1682, 6.7563, 2.1154, 1.8523, 5.0772, 88, 3, 2, 687758, 631, '1', 100, 5),
(145, 'Bryant Hagenes', '2004-04-02 08:59:39.285', 'https://loremflickr.com/1234/2345', 3.6215, 9.2124, 7.8141, 8.2982, 8.1274, 5.7049, 7.8234, 1.7657, 1.7826, 75, 5, 2, 934113, 312, '1', 100, 5),
(146, 'Marco Hackett', '1995-05-11 05:27:34.965', 'https://loremflickr.com/1234/2345', 8.2795, 0.9234, 9.3655, 2.6161, 9.7178, 5.8482, 1.8222, 1.8286, 4.669, 3, 4, 2, 179838, 857, '1', 100, 5),
(147, 'Grant Bosco', '2001-01-29 17:46:16.052', 'https://loremflickr.com/1234/2345', 7.0403, 1.1329, 9.2247, 8.9976, 9.0809, 3.3526, 5.2762, 1.9837, 2.7585, 91, 5, 2, 786216, 567, '1', 100, 5),
(148, 'Darrell O\'Reilly', '2001-07-26 19:27:36.555', 'https://loremflickr.com/1234/2345', 1.9784, 6.8011, 7.1179, 1.6574, 1.7785, 4.63, 9.5012, 1.6941, 8.431, 14, 5, 4, 845083, 182, '1', 100, 5),
(149, 'Earl Heaney', '1989-05-30 23:32:12.210', 'https://loremflickr.com/1234/2345', 7.6535, 3.2332, 2.0216, 1.1721, 8.0991, 4.6791, 9.7245, 1.959, 9.2296, 14, 1, 2, 302151, 57, '1', 100, 5),
(150, 'Ira Mueller', '1986-08-22 20:03:18.717', 'https://loremflickr.com/1234/2345', 2.8355, 7.6983, 7.4184, 5.1648, 6.6777, 6.8705, 6.918, 1.564, 3.6823, 74, 3, 3, 530632, 632, '1', 100, 5),
(151, 'Oliver Hauck', '2001-11-01 00:21:42.625', 'https://loremflickr.com/1234/2345', 5.7537, 7.1537, 7.4607, 8.5432, 6.8831, 9.2377, 6.2163, 2.0182, 1.2819, 85, 4, 4, 566510, 968, '1', 100, 5),
(152, 'Jake Rolfson', '2002-03-26 05:37:29.246', 'https://loremflickr.com/1234/2345', 3.6325, 8.2456, 4.0541, 3.0355, 0.5932, 8.8672, 3.256, 1.9202, 3.5969, 45, 5, 1, 546746, 419, '1', 100, 5),
(153, 'Zachary Vandervort V', '1989-04-17 22:43:16.654', 'https://loremflickr.com/1234/2345', 7.8449, 8.7761, 5.2197, 7.1993, 4.8702, 7.5976, 4.1481, 1.7232, 8.1836, 62, 3, 2, 305228, 449, '1', 100, 5),
(154, 'Lionel Kemmer', '1981-02-14 17:14:36.778', 'https://loremflickr.com/1234/2345', 1.0056, 7.8815, 5.2799, 2.0945, 3.2916, 5.9258, 6.6402, 1.6487, 5.5352, 95, 5, 3, 214742, 436, '1', 100, 5),
(155, 'Frank Wolf', '1980-12-05 16:54:06.665', 'https://loremflickr.com/1234/2345', 3.1731, 5.995, 6.4201, 6.1392, 2.8631, 6.9051, 9.7043, 1.5985, 5.9121, 76, 4, 2, 897219, 193, '1', 100, 5),
(156, 'Kenny O\'Reilly Sr.', '2000-05-01 07:13:00.344', 'https://loremflickr.com/1234/2345', 2.0873, 4.974, 4.8878, 5.2731, 7.3106, 3.9922, 4.1989, 1.5801, 5.4834, 17, 1, 2, 923534, 597, '1', 100, 5),
(157, 'Phillip O\'Hara II', '2003-10-25 18:21:21.705', 'https://loremflickr.com/1234/2345', 8.3536, 8.5468, 5.4668, 4.7788, 8.4953, 5.9199, 3.8584, 1.9373, 3.0793, 42, 4, 3, 517448, 429, '1', 100, 5),
(158, 'Leon MacGyver', '1986-07-03 09:34:19.567', 'https://loremflickr.com/1234/2345', 1.5854, 0.806, 4.3744, 5.6107, 3.5631, 1.0654, 8.0345, 1.7783, 9.8102, 26, 5, 4, 102585, 967, '1', 100, 5),
(159, 'Julius Goldner', '1984-02-07 10:59:05.119', 'https://loremflickr.com/1234/2345', 1.3696, 1.745, 1.8387, 8.0199, 7.2119, 6.8895, 7.0982, 1.6653, 0.8218, 71, 4, 4, 853014, 902, '1', 100, 5),
(160, 'Gerard Langosh', '2001-03-06 08:39:57.722', 'https://loremflickr.com/1234/2345', 8.1429, 9.8417, 5.2318, 1.2489, 0.6519, 6.7686, 3.6176, 1.6317, 2.8776, 3, 4, 2, 760094, 248, '1', 100, 5),
(161, 'Jean Sporer', '1989-10-30 14:30:24.737', 'https://loremflickr.com/1234/2345', 3.5645, 8.6373, 2.3355, 8.9711, 2.6975, 1.5279, 6.1669, 2.0188, 2.1867, 33, 5, 4, 355564, 350, '1', 100, 5),
(162, 'Ms. Jesus Kuhlman', '2002-04-13 13:20:30.775', 'https://loremflickr.com/1234/2345', 8.7766, 3.6898, 6.207, 7.8541, 5.0835, 7.655, 2.0637, 1.736, 3.9336, 20, 5, 2, 490544, 623, '1', 100, 5),
(163, 'Lewis Waters DVM', '1988-04-01 08:35:59.175', 'https://loremflickr.com/1234/2345', 1.1187, 4.0884, 3.5428, 4.3485, 2.5605, 2.8514, 2.3004, 1.9581, 1.3919, 259175, 1, 3, 2105, 0, '1', 100, 5),
(164, 'Joseph Feeney', '1999-04-11 21:19:40.008', 'https://loremflickr.com/1234/2345', 1.7342, 0.6157, 2.1377, 4.424, 4.1464, 3.9569, 1.9829, 1.6312, 2.0723, 277526, 3, 3, 2570, 0, '1', 100, 5),
(165, 'Sylvester Franey', '1984-06-24 16:24:37.338', 'https://loremflickr.com/1234/2345', 1.6226, 4.071, 3.3687, 4.5786, 1.5659, 3.1779, 0.8573, 2.0078, 2.9023, 266060, 3, 2, 2191, 0, '1', 100, 5),
(166, 'Lynn Kulas', '2004-10-17 02:34:54.698', 'https://loremflickr.com/1234/2345', 4.2611, 3.7815, 4.2633, 1.3219, 3.0528, 4.0181, 1.7089, 1.9172, 4.948, 213320, 3, 2, 2262, 0, '1', 100, 5),
(167, 'Wm Schaden', '1987-02-04 18:42:30.707', 'https://loremflickr.com/1234/2345', 4.8899, 0.9632, 3.5007, 3.2826, 3.6253, 1.3067, 4.1666, 1.9197, 1.5872, 906917, 3, 5, 1965, 0, '1', 100, 5),
(168, 'Ray Price', '2001-12-11 18:53:23.622', 'https://loremflickr.com/1234/2345', 3.5722, 2.3243, 1.6623, 1.804, 0.8183, 3.4008, 2.9508, 1.5853, 0.6921, 259936, 4, 4, 1809, 0, '1', 100, 5),
(169, 'Hubert Howell', '1998-05-08 07:06:39.638', 'https://loremflickr.com/1234/2345', 4.7506, 2.3927, 4.5134, 3.4862, 3.2171, 0.8311, 4.7216, 1.7577, 3.5475, 834259, 4, 3, 2618, 0, '1', 100, 5),
(170, 'Mrs. Allen Powlowski', '1996-02-27 13:08:41.299', 'https://loremflickr.com/1234/2345', 3.6873, 1.7274, 0.6626, 1.3359, 4.9431, 1.5987, 4.6617, 1.9218, 4.5654, 842625, 4, 2, 2314, 0, '1', 100, 5),
(171, 'Kerry Stracke', '1996-10-24 21:50:54.734', 'https://loremflickr.com/1234/2345', 3.1075, 2.3437, 1.1503, 1.0868, 3.709, 2.6818, 2.9387, 1.8938, 2.4602, 974383, 4, 3, 2587, 0, '1', 100, 5),
(172, 'Tommy Reilly', '1984-04-07 13:09:12.970', 'https://loremflickr.com/1234/2345', 2.7894, 2.7759, 2.0504, 2.057, 1.6905, 4.5429, 4.3506, 1.8231, 0.5996, 808317, 5, 2, 1137, 0, '1', 100, 5),
(173, 'Hubert Pollich', '1992-08-03 06:47:30.054', 'https://loremflickr.com/1234/2345', 3.4513, 2.6811, 4.2354, 4.1535, 2.6783, 2.8048, 0.549, 2.0037, 1.9539, 210756, 5, 4, 2094, 0, '1', 100, 5),
(174, 'Miss Winston Rath Sr.', '1993-08-15 15:16:25.278', 'https://loremflickr.com/1234/2345', 1.4888, 4.8526, 2.3523, 1.6845, 2.9351, 3.5022, 0.877, 1.6308, 2.7809, 804681, 1, 4, 2272, 0, '1', 100, 5),
(175, 'Earl Steuber', '1980-03-09 08:00:16.701', 'https://loremflickr.com/1234/2345', 4.0442, 2.1107, 2.7453, 2.1284, 3.8675, 4.4064, 1.3871, 2.0252, 2.3522, 934690, 3, 1, 1945, 0, '1', 100, 5),
(176, 'Merle Stiedemann', '1987-05-01 05:18:02.414', 'https://loremflickr.com/1234/2345', 0.6605, 1.0412, 1.1095, 1.3425, 2.6398, 1.9697, 2.601, 1.8008, 4.5908, 958261, 3, 5, 1198, 0, '1', 100, 5),
(177, 'Jimmy Casper', '1992-10-10 08:58:47.015', 'https://loremflickr.com/1234/2345', 1.0824, 2.6107, 1.0339, 3.6645, 3.9344, 4.73, 1.9354, 1.7801, 4.1178, 182852, 3, 2, 2057, 0, '1', 100, 5),
(178, 'Darin Bogan Sr.', '2002-08-07 15:35:08.058', 'https://loremflickr.com/1234/2345', 3.9244, 3.0682, 1.2094, 4.9171, 1.1767, 0.5052, 1.5351, 2.0172, 3.4624, 218111, 3, 4, 1455, 0, '1', 100, 5),
(179, 'Alton Nikolaus', '1990-12-28 16:22:21.223', 'https://loremflickr.com/1234/2345', 1.422, 1.1273, 4.9928, 4.1911, 4.3598, 3.9811, 1.5866, 1.9906, 1.4668, 299922, 4, 3, 1446, 0, '1', 100, 5),
(180, 'Ira Reichert', '1980-03-04 05:39:08.861', 'https://loremflickr.com/1234/2345', 4.6219, 2.9933, 2.8388, 4.5201, 2.8324, 2.06, 2.9363, 1.7057, 4.3603, 102126, 4, 3, 2890, 0, '1', 100, 5),
(181, 'Philip Bailey', '1989-05-02 21:41:55.610', 'https://loremflickr.com/1234/2345', 2.558, 4.5703, 4.2251, 0.6122, 1.0724, 1.9659, 3.0882, 1.9166, 1.9579, 217532, 4, 3, 1272, 0, '1', 100, 5),
(182, 'Chester Goldner IV', '1992-05-28 00:48:35.340', 'https://loremflickr.com/1234/2345', 2.3208, 4.0611, 2.1299, 2.7341, 4.6087, 1.6786, 1.9434, 1.6239, 2.9747, 408455, 4, 5, 2544, 0, '1', 100, 5),
(183, 'Randy Steuber', '2001-05-09 06:26:19.742', 'https://loremflickr.com/1234/2345', 3.5965, 4.3033, 3.4748, 2.6151, 4.7298, 2.926, 1.8254, 2.0415, 4.4672, 672117, 5, 3, 1057, 0, '1', 100, 5),
(184, 'Orville Schneider DDS', '2001-04-11 01:35:53.261', 'https://loremflickr.com/1234/2345', 3.0659, 4.4667, 4.479, 1.2467, 3.1414, 4.4057, 1.2732, 1.6922, 3.3495, 516225, 5, 2, 2838, 0, '1', 100, 5),
(185, 'Jason Dare', '1981-07-27 17:47:51.010', 'https://loremflickr.com/1234/2345', 0.8216, 3.102, 4.6712, 3.7835, 3.3491, 0.8348, 2.6059, 1.6804, 1.1099, 810208, 1, 4, 1350, 0, '1', 100, 5),
(186, 'Nick Goldner', '2002-12-19 12:25:54.944', 'https://loremflickr.com/1234/2345', 1.4637, 2.7046, 2.0538, 2.0188, 2.4291, 1.0008, 4.2156, 1.8862, 3.6899, 602567, 3, 1, 2233, 0, '1', 100, 5),
(187, 'Brad Okuneva MD', '1991-11-01 03:23:08.983', 'https://loremflickr.com/1234/2345', 4.7832, 4.3483, 1.5363, 2.5758, 1.3081, 1.1872, 0.8042, 1.6436, 0.6296, 702200, 3, 3, 1204, 0, '1', 100, 5),
(188, 'Troy Little MD', '1989-10-15 20:56:59.650', 'https://loremflickr.com/1234/2345', 2.2248, 4.7256, 1.6433, 4.9547, 3.4834, 4.7614, 1.0903, 1.7167, 2.611, 131782, 3, 1, 1997, 0, '1', 100, 5),
(189, 'Leslie Rempel', '2004-06-20 14:52:30.510', 'https://loremflickr.com/1234/2345', 4.5586, 3.096, 1.7886, 2.7686, 4.1553, 3.6961, 0.6387, 1.6066, 4.226, 74537, 3, 3, 1235, 0, '1', 100, 5),
(190, 'Moses Stroman', '1996-02-26 10:11:49.730', 'https://loremflickr.com/1234/2345', 4.4178, 4.65, 3.4753, 4.4457, 3.4748, 1.3268, 3.8257, 1.619, 1.0227, 457422, 4, 3, 2679, 0, '1', 100, 5),
(191, 'Alfred Barton', '1982-01-26 04:33:00.538', 'https://loremflickr.com/1234/2345', 3.8553, 1.6238, 2.9302, 3.701, 1.0435, 4.7393, 1.327, 1.5783, 1.8973, 215128, 4, 3, 1197, 0, '1', 100, 5),
(192, 'Moses Lang', '1985-02-12 16:24:03.042', 'https://loremflickr.com/1234/2345', 2.0765, 0.7169, 1.9183, 1.7395, 1.3323, 3.1314, 1.1528, 1.5296, 2.6716, 601069, 4, 1, 2971, 0, '1', 100, 5),
(193, 'Tomas Feeney', '2004-02-19 07:38:05.523', 'https://loremflickr.com/1234/2345', 0.528, 0.9458, 4.3086, 2.5688, 1.8167, 4.7105, 2.6489, 1.8758, 2.4946, 725341, 4, 1, 2255, 0, '1', 100, 5),
(194, 'Dwayne Brekke', '1998-12-23 15:25:19.703', 'https://loremflickr.com/1234/2345', 1.7048, 2.264, 4.9012, 4.7229, 0.8074, 0.9917, 2.7214, 1.9, 1.5565, 516336, 5, 4, 1357, 0, '1', 100, 5),
(195, 'Frankie Renner', '1981-07-26 03:37:39.646', 'https://loremflickr.com/1234/2345', 0.9327, 3.4662, 4.5009, 0.9905, 3.9026, 1.6709, 1.7568, 1.6369, 4.869, 494986, 5, 3, 1780, 0, '1', 100, 5);

-- --------------------------------------------------------

--
-- Estrutura da tabela `player_report`
--

CREATE TABLE `player_report` (
  `id` int(11) NOT NULL,
  `goals` int(11) NOT NULL,
  `red_cards` int(11) NOT NULL,
  `injuries` int(11) NOT NULL,
  `yellow_cards` int(11) NOT NULL,
  `date_created` timestamp NOT NULL DEFAULT current_timestamp(),
  `points` float NOT NULL,
  `rating` double NOT NULL,
  `player_id` int(11) NOT NULL,
  `match_id` int(11) NOT NULL,
  `team_id` int(11) NOT NULL
) ENGINE=InnoDB DEFAULT CHARSET=latin1;

-- --------------------------------------------------------

--
-- Estrutura da tabela `position`
--

CREATE TABLE `position` (
  `id` int(11) NOT NULL,
  `name` varchar(45) NOT NULL
) ENGINE=InnoDB DEFAULT CHARSET=latin1;

--
-- Extraindo dados da tabela `position`
--

INSERT INTO `position` (`id`, `name`) VALUES
(1, 'goalkeeper'),
(3, 'defender'),
(4, 'midfielder'),
(5, 'striker');

-- --------------------------------------------------------

--
-- Estrutura da tabela `squad`
--

CREATE TABLE `squad` (
  `id` int(11) NOT NULL,
  `date_created` timestamp NOT NULL DEFAULT current_timestamp(),
  `match_id` int(11) DEFAULT NULL,
  `team_id` int(11) DEFAULT NULL,
  `Player_id` int(11) DEFAULT NULL,
  `Position_id` int(11) DEFAULT NULL,
  `status` text DEFAULT NULL,
  `Isplaying` tinyint(1) DEFAULT 0
) ENGINE=InnoDB DEFAULT CHARSET=latin1;

--
-- Extraindo dados da tabela `squad`
--

INSERT INTO `squad` (`id`, `date_created`, `match_id`, `team_id`, `Player_id`, `Position_id`, `status`, `Isplaying`) VALUES
(1, '2023-02-28 14:02:45', NULL, 22, 185, 1, '1', 1),
(2, '2023-02-28 14:02:45', NULL, 22, 186, 3, '1', 1),
(3, '2023-02-28 14:02:45', NULL, 22, 187, 3, '1', 1),
(4, '2023-02-28 14:02:45', NULL, 22, 188, 3, '1', 1),
(5, '2023-02-28 14:02:45', NULL, 22, 189, 3, '1', 1),
(6, '2023-02-28 14:02:45', NULL, 22, 190, 4, '1', 1),
(7, '2023-02-28 14:02:45', NULL, 22, 191, 4, '1', 1),
(8, '2023-02-28 14:02:45', NULL, 22, 192, 4, '1', 1),
(9, '2023-02-28 14:02:45', NULL, 22, 193, 4, '1', 1),
(10, '2023-02-28 14:02:45', NULL, 22, 194, 5, '1', 1),
(11, '2023-02-28 14:02:45', NULL, 22, 195, 5, '1', 1);

-- --------------------------------------------------------

--
-- Estrutura da tabela `team`
--

CREATE TABLE `team` (
  `id` int(11) NOT NULL,
  `name` text NOT NULL,
  `image_url` text DEFAULT NULL,
  `date_created` timestamp NOT NULL DEFAULT current_timestamp(),
  `equipment_home_url` text DEFAULT NULL,
  `equipment_away_url` text DEFAULT NULL,
  `status` varchar(2) DEFAULT NULL,
  `manager_id` int(11) DEFAULT NULL,
  `description` text NOT NULL,
  `website` text DEFAULT NULL,
  `formationId` int(11) DEFAULT 1,
  `colorHome` text DEFAULT NULL,
  `colorAway` text DEFAULT NULL
) ENGINE=InnoDB DEFAULT CHARSET=latin1;

--
-- Extraindo dados da tabela `team`
--

INSERT INTO `team` (`id`, `name`, `image_url`, `date_created`, `equipment_home_url`, `equipment_away_url`, `status`, `manager_id`, `description`, `website`, `formationId`, `colorHome`, `colorAway`) VALUES
(2, 'Sinter FC', 'https://image.flaticon.com/icons/png/512/2256/2256930.png', '2019-12-16 19:31:04', 'https://cdn3.vectorstock.com/i/1000x1000/09/72/shirt-football-icon-simple-black-style-vector-19380972.jpg', 'https://image.flaticon.com/icons/png/512/1031/1031468.png', '1', 2, '', '', 1, NULL, NULL),
(13, 'FC PortosS', NULL, '2019-12-29 13:37:53', NULL, NULL, NULL, 7, '', '', 1, NULL, NULL),
(14, 'MasterTeam', NULL, '2019-12-29 15:00:02', NULL, NULL, NULL, 8, '', '', 1, NULL, NULL),
(15, 'Manchester United', NULL, '2019-12-29 17:09:26', NULL, NULL, NULL, 9, '', '', 1, NULL, NULL),
(16, 'Real Madrid', NULL, '2020-01-19 18:24:13', NULL, NULL, NULL, 10, '', '', 1, NULL, NULL),
(17, 'Marvel FC', NULL, '2020-01-19 22:42:30', NULL, NULL, NULL, 11, '', '', 1, NULL, NULL),
(20, 'FC Porto New', 'https://yt3.googleusercontent.com/uH_-1mtPI8fNi-I642JQmuyfoZy-yA8ZrwtwahVxUqcF-nEiiLJHsZj99Ac0i7B3mHe08JqfIY0=s900-c-k-c0x00ffffff-no-rj', '2023-02-08 14:55:21', NULL, NULL, NULL, 12, 'FC Porto team as player wall', NULL, 1, NULL, NULL),
(21, 'New Stars Redbull', 'https://yt3.googleusercontent.com/uH_-1mtPI8fNi-I642JQmuyfoZy-yA8ZrwtwahVxUqcF-nEiiLJHsZj99Ac0i7B3mHe08JqfIY0=s900-c-k-c0x00ffffff-no-rj', '2023-02-08 18:25:43', NULL, NULL, NULL, 13, 'New Stars Redbull team as player wall', NULL, 1, NULL, NULL);
INSERT INTO `team` (`id`, `name`, `image_url`, `date_created`, `equipment_home_url`, `equipment_away_url`, `status`, `manager_id`, `description`, `website`, `formationId`, `colorHome`, `colorAway`) VALUES
(22, 'Manchester City', 'iVBORw0KGgoAAAANSUhEUgAAAn8AAAFkCAYAAABRt10+AAAACXBIWXMAAAsTAAALEwEAmpwYAALGmklEQVR42uy9Z5Qc15EuGJFZrqvadwONBhqe8CAMjQgaiUYkRVCkKK/RjKQ30pjzdnf2nDdnf+6+eXv2z+6e2X1nNW/e2x2jmdHMHLmRISmRFCkakCDoQMIS3rv23pXNjL0R996s7Eab6gYdyLxkoctk3bwZeSvvl19EfIH5p/ZmobKG6hFX/zgEQLNsRxX2RzC3Vsl30GxUUn+8eezjemiuOsYY6eMrQdSiFrWoRS1qH73mmLXKj9aqiu0Vp7njIzT/UAj7zNhiauPkXEZGoR3NNpBKBzwPAFjJRi7ox8e2fRKOMWpRi1rUonZ9L1Wo1+1orXofsM4Uto6BfswM/uayAyr/wak/mrYvmuazmb5XSZ+TDSX7obIRPrbNsK8f62OMWtQmXNJm/VHQVRcamucVtFLXRdSiFrXZ1yqMfi5zvfbMhJlwusvbXGwdo8qukxQGV9eLDWlmYDkXAPteHD/Ns++p1rNgnFT5vipdF6eaXLMB8bkC97meD5pmzZ28n0r2O93xzRczzDaGmc5fJfuZrv/pbDOdDSrZ73QXlhkvOB+EbXBq4DXxt4BIOMkWSDR32yBaqEmqTRyr3HWpN80m9BGwzYc0byo57muxDVbwmmY4vkpwPc7yHs7BBlDhefywbFPJvHm/bIP08bENVmCv92LezPs2uUJMQDGIWtSiFrWPYAtBMEZhV18pJ116Eaa4570Gbry8fwF8ld2XRy1qUYvaddBik1DnVKARZ7g7mInFglm+h3Poc7o71um2owrvXOcyFqrgOHGOxwMVsl00x34q/U4ltpnLPisZ91yYvEqPjeZp55nmPlUw57DCMdEMtpl850nz+I3M9huYy7mkefym3k/b2I+vtg2Gthd/x4ypaHOyTbAzmgA7mRWU3eJVZMZV8+gDsk3Fv6n3Y97QPOcTzrJWVPIbp2u4NgLMDOFpDvuc7jg+arahj5FtrmVtuFbbVBKqdl3YJjbN4j/bAj+bQbDCiTSXPmcDWDiNIXCa/eAcx4IVHOd8jodmGR/NAyDNx+2LFdq4kvlB87BPpf1PNb65uH7m4/bFaxwTzjBHcY5ziuZpe5rDPK/0+ftqm5DL1bJwOCUzF3LHhlm6SUzgfGwzwQWsd4kQjI1ophuoD2rewIc0b67V7YsVzsOZXr9Xbt/p7DEn12YF5/HDtM183b4fVdvAh2QbrOB3dF3YJmL+IuYvYv4i5u8jzvwZrAeG2kPGXYS+54N5rVGiySlEw9sRTGAC589uWYyn9hO4oCfGF0bMX8T8RcxfxPxFzF/E/EXMX8T8XR/M36QrxofO/GH4OBAnZbKRZvjILw9+wj8KnGHooMqgbeKhkvHaBnlxpGW1gtEEwyBLIDLmK5OASEGIYRlhzsj8zfBDmmAbipi/iPmLmL+I+fsAmb+oRS1qn7AWjqSbjSrCaVABzWFfFX064SkG1Bv5mnGT/0wUnh9OBKEy00cGIMp3pr18TrqGWuEk1EhPjtdxZAyM+fRHKO/x9xz13HHs9uGh45TGvMp2U+TkIc3sTqjEBUPRtI5a1KJWQYtVeH2eD9N1rUzPfPrEa+j7Wo7/Wta/udp2vuwszuOczPe434vt58PSztU2eA39VDoGnOccvab+p6CcJu4XNQE2idIOS6uE+8EAq1AZtjAAugoABhYtf53IRuGFib3ybiyFxgPyFWDzfQZuPnoG3Pm+J+/xw2r5MfDzeCy8LVhgCGjdsuYxEWLRZIWY0KhJDkjnc5AZlUJ3Gvjp98tAENFFB9yYC2hDDxkMovwndkFX/RXwCAGADICioDzESW5peY2TICRaitE3tjPHeRUYx1BXGGDJmebF9PMIp8Wt1+JFeT9+U/PpH6/x+oPv43X2/bYNRraJbGNfxyq4YawkBmGq7d+r7eb6HYSZY82mu7mmOY5hPjF/s43tWmxzzSTQe2ibuWwz1b6ne36tc+BabHOt+6mkn7ke64yfT8MkyVv+JNwzESVime0zYEsco0QW/ARgbiLvJSFxUscJTYxeWHY58KHylwzI44fn+UgKyflqVB6/R74BfBrEefp9BfRI+331/tGX4yDjBsZyHQGd9GECBDWgIsPe6VHZmMCyWKbeWn0g+7DoySv/oCn4R9g/BzD0gerVcchV7/NDAKACjuoh+3fRhZjrgqMe8rnrKvTIe3WgjB7BUpYTLIoaoZM9nxRKcsZgQwyOWjOfhGKoSTI3WD7eaeeNtYePH8hv6oO+zsH7dO2NbPPhX4sj28yxryjmr/KxRDF/UczffMf0ocT8heWJcZImCYINkIPwvxPwEIMIpADhoFSdREcQoHWr6vcdS39pd6sBMOjovSqAhwLoPF8AHrN6DOw8fu2VsFgsqeceb0NlwT4BdgH20akdAuHAgRBg8qkcHYhlKZYA3JZFWwJ0GmbOcBL+NbjIwFs2YRnpakJQXL4aC9uvMEhV4y/5nsQCIgWHYMaLwgIyUygPR/9lMMjkosug0HXJsorh02Rc3agPPqAfRWfat1DQsKxkWFbf1/GMNv8lsARNO8nLyjYYxfxBFPN3PdgGPiTbRDF/UYta1D66bVKa7IQ30LJIqLETXHWFtGyfYfocXZJTAzBfwIWOidOxbzBJjFnYOmbuigyKfHleKhXVw1Mgr6RAoBcQXGjZuhAKI6TAneybZ2Tgmm+kXBCoHIsX0JwYDAXRMfovWI6vC/GQFGZFqVwQEsuOaO22NTGA2uVcjkFkW6gj1GNwMbCZsKPyn2/cvdqOJV8BXAVyoahfO8ZtLKDQEfAnj1gsptlB85AOZBwamPoWXAtxaFhUmwBj3MsOny8y548mhgBgGBNPM2+iuMGoRe3j3yLwF7WofYKA4ITbVAEhOL3OgYMhAGb5M4UaXLSuVwVqFBASQKe2YnCngB7H4TGbVygUgq5svF4YhHkBCsOJgAQ1Z+ZDGCCiBjv8PemrHMRm4GHZmS0SfDTLPXoo3g6tZF+5X0nogJBsDBL4hhcUtzcy+NOMnoN2n7pbx7i1Gfg6qPvytZPXkJXK7mynIk0AntyXgD9xETsC4gQU8nscX+g4AfjUKJUCqG6wr7CMAaD26SrQX+nciFrUovbJAH+Rzt/sY4l0/iKdP5jDHP5I6PwFnV79KyYImCrj7kQopyCgUThBvFoxD9jLyWxeCdVf8kolKBWL4JU08BPXI7slfT/AVsZjarMYiGPKfAcN3CIr7aI3Zremoz/wTH+qRwkglAxf9V7J8zCvwCUDTLVvKqj9FwpFKJb4dUnHExrWTdgyE1Po6/6ofHIRXEdn8TLgYhZOASjivzF20boxisdjkIjFIRGPUyKRgFhCP3fVexzW52hajkxcZNl9qz50rCtc2YsjBRnM8Q4Yl7kk8Ydks5bZpkXfC1zXHDMosYPxGDEAjOkHmaxjOQTOOHZ1YoomOHUsJYac+DQVACQzJwiuCgmIdP4inb+Pum2uZW2IdP4mgb8o5m/2sUQxf1HM33zH9KHp/IWA3+SkXJzCWhTEApKRMtaMlORaCDgpKKBVKqKnwJYCYOzCRTJuUQupNDPGDKFjO8Uw4ORNfPWRH3OJAievhMpRiV3EXgnzuQKN53KYy+chl89BrpCHfL6gAF8eGOhlCzkYGx9XnxX4M8zm1DbZLOWyOQUC88I8KnAqLCGzkQqYohorqb4lvlAG5WjXLgO8WJzBXlxcri66KIAvmaR4IoGpZBLSqRSl02lMVaVAvaZUIolVqSoBgUkFCJP8OqHer0qh+oy3Ad4mpvrzPc38McgkV6NaYKbUF1YQHQvVwqBZmcNliKwAta/srTYkwwKqPl313EEeM7+HroBCtEkowXkACGf1UrhAngC/clbvRA3Eym7ao5i/KObvw7QNfEi2+djE/GH+qb0R8x+1qH1MG4YYnsnvIzmTrjyGJrKMma+zbwX0lZhVKwVxezorl666upD2PZbdxRYIhrax8XIFBcrGc1kF4sYgm82q5zkYVYAumx2HkbFRGBweUp9l5fkoP0ZGYWRoGIZ6h6AAJYB0EijmSP+u+htzHRPrFwT+lcMRw67rUJLshKtykLtsE2d1JjFpqlOBMF8eCp0BegQpdKGmtgaq6+qgVv2tU4/amlqozlSrRwZq1d90VZUCglVQlUpCTbV6P52BODN46qTEmQm0KSHWBa4BoLhvXdSebBvnZ3UHGVIzYHTVBgwuuT9mJuPiMjYxg+ZYkMIu+6vB31Xzgj5aKZVRi1rU3qe1IQT+qAK2ZDYquBK2Za4UKlZI786Euitlxiph/uar9Ufz7PuDYv5mY8bmwszNZ/uZzkelbuK52qZS5m8uxzrbHdxslRoq6t/ox2mBkpDCG1pFPjLFJyAoZEGhrFDJFtXxbCGgxFjD97AkLl1x5yK7VYvFojB/xqUrlS7IQZFgsTF5QmYxsHMM6FMARGFLKolUi4dFBRpz+RwNjYzA8OgIDo+PwvDYKI2MjuLg0CAMDQ7C4NAQqQeMDAxivlCkWDqBvomXE1UUnW3MDmAdE+g65DtCmFkVFyP1p53Y7Bot+zOpkioWE88JBSIwNk84sC7nPDNv6ZiQO455ZGZRgULU8YIISQXI6hvqoaGxAerr1d+6eqhXj+pMGuqqqqmhpg5qMhlMp6sVQEyQq2VokP+66DAFiBTE8uksE3UiuH9y+W2th6gAoJaSiZmkkXhcgCAZeRnmFoGsBcQUPtJEjg9tIeWyomFgNwoVNZZ5Y/NorpGlmMv14P1m/qgCZnM2BgfeQwbn/bDNfJm/yDbTry3XtW0i5i9qUbtOGT2HZemgnIgARoPPbmDhDoUZOpO9auEjhTN0GfQpsJcvFhnwScKCXCV8neHrmNg4TmYQAWbX7h8kCYRdmgzKPPVerliAIQXw+oeHoG9wAAbU36GRIejp64Pu3l7o7e+FQfW+H6raYbGoJDYwy2WyXckkgFggG04Q8WFCkY2r7xZwbsFUCDPTXjZxuPyXArYQLdNmxA41WPY1u6fe8oqegLPq6mpoqm+A5oYmaG5sgib1qK+tg7rqDDTU1qv3GqG6KgOuD4blY0Qt4FL2xf3FmDUseroaCZqsa+N6Z/YvkVAAkOMT2ZUdjymkqpNI2KbC2vqeztaeUOWEggQc2aeplMLNClaDDrzU5xyj32HUohYxfxHzFzF/EfP3gTF/xqUX5GrY+mNUDvhCAWoUVL+gEH4hTRwZwFcqQT7PsXQF4tg4o+FHHI8WiydkxVdgUPigmOty4gSWGPQpMMFAjxnAgleC8UJOgbxhGBhhwDcI7b3d1NHdBZeuXMbunh7I5guECQUiYq5o22HM5qgG3CWVtVbKWnoB6JtkDCYAHWMKH8s4D7VIcdk2gbr0RFtOqmkMgUQ0XX3uzCDRsqhEgY5isI1DNmayLKfDrnNx0TJTyrYuljSwUp+WckV2H4stajMZam1ZCMuXLMWlS5YwOKS6dDU2KjBYV1MLyXiCYo6uIsL7d0o+uiUCfk9ErCXr2tPZxpK4InqMIg7IiSuxhPp+goFgHJyYK32wzrSjIwXlLsDEbaIV4kYKiD+JTURmI00VFV9ThRHzFzF/EfN3nTN/UYWPqMJHVOFj7n19qBU+tNwyknW7+hCqfwtlIeTANWsSCjyF+jh+T7JjOXGjJEkQJl0VhRGyoJHdrIYEClhEfq5gIozlszgwMky9A/3QPzAA3X19cKn9Cly+fBn6+vowzzCSQQ/LBMZUP8xAmbg1o6MCVlnZL4cdhmSWJ9QemWALx1fYkcT9qo8dJzJyZDARzbIkTLrilkt/hEFmaEMLQnl/njP9eXK0fgyxO5htH9Ol4HRGNBmMaKCrZFx7JEkg/JfGC1BXVwNLly6B1oWt2LKwhRY2NsKCxiZobGiE6nQaEk4MEmovCbYndyHlUHQGMbBbN0D8pPUCJcsYRTYmUZXCJGcui5YgCoNs2VerbwiW5TOVTVBHU5Jjjx/KEkDv8fXmwyDRowof15dtPirOl+vaNhHzFzF/EfN3PTJ/qrmC/TQBJbVutYPUxGhx6QgnSNzwGfB5JQZ7WCgWqVQsoSe6fDpxA7WbVdgcKadmFZ5dLb3C7zNIHB4bo97eHuzu74PO/h7o7OlWYO8K9HT2wOjIGFBcDSEZ04kYDmqpGMnDQAWYNCaxFdSYmLSRaBRm4Ex8mT+tFDGISzTma/gUxnzheRJS0bv6hgIngDmb53IV84dw9XORoGE7uYE0ylXn2iZcBHI3xm1qARZAkOSsi3Zow7CrHZHd7ep8uYwbPVAgz4XaumpqaV0Ey9racHFLKykgiM31DdBQWweZqjRwrq8j+oEgf1HfCdjYR+OF1m5hZv4SiRgl3ZjEByZiMeSMZ04U0cduBLTtiLWoNzpGYBC1u91kakfMX8T8RcxfxPxFzF/E/EXM3wfC/JmYvwDsCQrRAWLlmDj1KJW02DLLo3DGrvqLCvjJMh6Tyh3luEFP0z46lo8Bg1rtiwowDI4OQ3dfL/QM9EFHVxecv3ABLrRfBgUAFTbxSYsK67q24mp2TO1dwX6OjMkKI/tkS5JREE8WPk4MZwYTXW0j446UhAvfoI+pL3+Twd/EKyFOfx6Qpv4g/OO2zB9NdC5P+IrVSSyzaIZd09CXEEO9Spygjht0HROP6QnEEuKVSj4U8gX5vLauBha3LIK21sWwdPFiaFu0GBc2NlNTXR3UpNIgSoAeZ+iQCG9z7CEa8WdEsxvyiEEi6xYmtSyNZAxLXCBi8HAA7diCmAJdKzli/iLmL2L+IuYvYv4i5i9i/j5Q5s8kAsh6bEk69uExvGBdu6LnYdEkbhSKOmPX0wH9JrMT0dXcoV7IOVGDs3ORJJ5vpJCjroE+7OzrUUDvEp06dw7VAzq7eihVU4XxdFKye9HBIOQwHCFnYvE0wCHDzKEdO6JvnNQQ0iOcbBskwFmKdFjcazEghU5oed7gpNcQjGeijUMRgqHxBBm+oZrA2m+LU88nC3IFZblO4EaVBBDTs++XhRRNDWTN/InJJLZPWFF2x7M1YzFXRsHC2kWvJDGYnEBSn6mBpYsWweqly2H1suWwbGErLKxr4PcpHU9C3FFI3hORadKC1sIGo6/6YAkZSfpQ8ybmOJSIMxBMYFIBQRa51lNKC1Wjri1nBbkZ/IZrqETMX8T8RcxfxPxFzF/E/EXM33vB/OGk1+EvS8icWrR9nS5r4vRAauiKILIROmYXrm+qXJgeWT6FdGUPJ4ivY8A3WshCZ18vXOrqgEvdHXDuyiU4f/mSsH5eIgZ+zBHIxtmjTsxl1/CERNswO4aGldQuzUlXHd9o5zlBubSywl44e3bidS1g5SR2TlRRJsj2Tcn8TdyxzlKWrFlurs5qxXKWNCJN0d0UM5Htz65nhFBySXhzNH3Z+EnzHQr0aEKHGqIKJ4QdGgcymAA+PU5H6/4Zh7NfUsdUUJA9X6TaWBJWLFkCa5avxOWLFtOShYtgqXo01tULy8tMq8BQX2jFwDxkCjw7ohnoQtyNS7ZwMp4ol5szMYzhsiHzuXgHcBwnlleOGJyI+YuYv4j5i5i/iPn7BDF/GKiqXVWIw8Aho6tmFYtNFVoueIYWYgCVSlx9A4uFAknmbiFvSlhwzJ0jTI0E6TPuk/JqhL4CP+wKHhgchEudHXClq4MU4MPT585DZ28XlTiuTapSIHGcGFfskH5MzF4YnBmNuPJxaC5OEjLYZWjYSUK79GssIbqCAi7MsZlSZ7Y4L0odX0vMEYpX29XHI3GJIkGi2cyQxSSG0XhdtVwMVyLhbOZsLgsDA4N6oHEXWhcsFHaL5VFiAqZ9Ei09HS+pNQ2ttp+rM6S1Kg2hqyt0iD00KWYQq3Gv6j5Akmk0jCvXRJb+hEwLjGaVecrZ1q6LXNOXwarn+ST1fhXK54QdjZkZyBphZlM1BAolcNV79dXVtKS1FVYtW4Grl62AttZWWtDQCJl0FTikelH9x7mTktCyoh1IhhnmccRjGgByObm4AoHxRBxdXVLO6gAShOxuTDX5R0ChIyYIMbnh8nIR8xcxfxHz98HbJgZRi1rUPrSbR3GQopUGmZSG6lOg3Sdcma+ZI3S13h4DIKlty1m7uRyUcgXtnJRYMXbnuYb143g+tT3H8qGO7RsuZKG9uxvae7vgzLlzcPTkcbjYfgXGFDgSSZAqdWlA18TrlT2iqAkzw+ZNrvAxEbhiKE83qGA2iSV0hMkinQVrs5XVcXOJtvHRcch7CswwGxV3xVEdi2v9umQirpk0T2vneZ52YfJzy2RJpi3jFUezjZl0BnbsuB1WrV4lLNfY2BicPn0GDh04yCJ8kEilJHbRo6IO6jN0nWMAJZfdtdwXA7miX2TALQ/GYwbbgavG55jKG1LL15xDra/ny3uu0Vt0cCrXgc6GFlubOEBh+0rsNnaMvAsE88Hq0DA4V0hN7Yegzx+DrgvH4Z2zR2BR40JYu3I1rF21EpYuboPFC1uhOVOj+o0p/BvTrn9mY+UcIAcDSCUXzgjnsSbiyjZeUoHBpGZ9ObnEZinb+Wt87uE5gBPmQpmOtU/oWm6loxa1qF1Ti8Bf1KL2YQG/oGiCDRajCcAIndAtGzpBaiuDJU7kGFcAicuieUaQ2Vfv8bIsWZsK+BUYMDBb57KbVAEqhRYGRoaho7sTznVehuPnT8OJ0yeho6MD4lVVkujhpBIKbMUFAEoFjynunacrPDqXdVwYPZ8VSBwDCtX4uI5vLg8KdUBtcxNs2LQZGpsamXUCZuy6uroVWDutxtsOC5qbISUJCq6ALcmqJSO0bDyUjgFcPGbue8HCBXD//Z+FBx58ULJcuxX4ffqpp+HdgwfFhpBKChiTFAsram2An0U33DfXBy4oW2dHRyE/noOlK1bA4iWLobq6RpjUXtXvubPnYEQB83R1RvbFoFUkX4z2ot7R1PfnaM83n2cGv44rII3PuQbgjh6Lb0AUhmo4C+WobyrYbr46ru6BXujp6oR9+96GFStXwoa16+CGxcthWXOrAoYLIKPOvYQFKKAcV/Zkr7DIzgBKXeRcXgPBfLwgwDul7MTVQyQ5xbjOdTKLH5CfQQAmaIDqGBJ7QnBnBPyiFrUPHfzRFDTmdNd0qoBapBloU5iFPp3pezP5tWmW55W6CSrtfz4xf5V+hjMcTyX9VPqdSmwzl31WMu65uHErPTaap51nmvtUwZzDCsd09XzBCVVksSwZgkafQztItRSLzyweMdvHMX3s1s2ZBwMCW8uVYU5J/euJCjCSJyXQALLFAvQMDkgc39mLF+D4qZNw7sJ5Gi9lJbs3o0CL6MCphTyOev9cAcLmNARrOE08Nrq6uEbFthEXoSuMFvt+uYwc9fZ0w6237YA77ryT1q5bBy0tLVRTWyvgKZfP4cDAAHV2dsLhw4fhlZdfxvZTZyHTUM8gR9y/kjBhMmptRRLH6AWyO5yZwIULF8KKFcuJK1/U1NRAswKRWQXg2MXJn1s3JrONRiZH+nZ0ZQxicDowPKJwkk933/0ZuPOuu2DZ0qVQW1tLKQZRapuR4WHo7urCI0eP0u5XdsOR40dhYdMCSGfS0g8nbZDR/5tu3pCWiRFBbfHUG1bTeqHZbG7ZxFf9pmwnqOZNqioGbkptUvQElF48cw4OtbTCmlVrYOWy5bC8rY3Y/V2XrtaueaksYgCbJwMRcMxAUN1gUDGfA3YFp5JJkiXE1ePWmdwG2JpaxTZDxDeefhvzJ7nDQDiHa810r+dzbZz8u4QK+6Y5rAU0jzVl8rX4vbQNfYxscy1rw7XappJQtevCNrFpFv/ZFvjZDIIVTqS59DkbwJopYQBmeV7JWLCC45zP8dAs4/ugYv6wQhtXMj9oHvaZCxcwU3zdbH3NJ+YPr3FMwXzBco1VSbygwCNKJlbM6KjZEDJNRal1u4TFfJEBH7Hkh4gys4SHcZMyK8glIJArcDiSwIE5rwCdPb1w5tIFOHr6FJ06cxo6u7tEvgViai8c0+XGZD8lLveFrsSZMfBTQIgkbq7sry1XungvbGMq5fLRDg0OQd/oMH7v3/0hPfrYF2Dr1m3Y2tpKCvRJJqx1S3oMEtWxn79wHm699Rb4zeNPwrNP/YZBCWYy1epw4kHMHx+D6NOxvqCAOisSYzSLAYxLFqB/eIBampoDQWTJhtVJKWRPCAe15XI57OjqhM2bN9PXvvo1vEsBv82bN1F9fQPH95kiblqyjxNuLl64iLfffjs8+9vfwo9++hOoy9cAg1lxTcMEYemybVDjJ4Z9jFwTbpJBIGf9mog5U1rZwcle94nngYIkDivMR+z2Z1jHTNylHnUjcOkyNDQ0wOrVK3HTmnW0ZsUqWNy8EOsyGTUvHHA9LhXnkEjPlHyxY9EryH6KhSKpGxFkmRj1kHNlATP5gWA0lZOlDW9a9gVjBdfb2V6/VzF/013D5hK7VWnM70zXIahgffmgY/4+qraBD8k2WMHad13YJnL7Ri1qH0IjsO5EgCBYzLy2uiM2S7SkgF42l4PxXFZi/DS5YrNodaYAa875nBygFuqsAh6dA30K9J2Ho2dOweHjx+BKZ6fEhDlxKa8m7IyDOrRNCzyjuHm9UlHH4hmAUqaRJmbzvhfNK5UgNz4O1dUZ+MM//iP49re/DZtuvBFi8UmXJYYNUpvWFRZw06ZNwrYtb1sGLYsWwb/95KeQc7La3R1C2RZpFNQxlYpF+W5YO5BBGLsvuXGMG0j5upi4WlkihzNd+SGSOWqsfd29cNcdd8J3/+h78LnPfQ4WL148QZcwfHnlY9iwcQMsX7YM1q5ZI+P8/vf/H6m7W1dfp783jQqhleqW3BHjHmYoyi5j39RgZgkZhJl4VzTMG0kMoISP8vl3TWoOV1tJEnTnR6DjwDtw6OgxWLt6NWzbuBHWLlsJSxa0QGN1nQbDIlkDElogHmvjus5xnGlJZIWYBRSXsA45sKnY0xMRSB+t1M2oRe2T1iK3b+Vjidy+kdsX5jCHp5wvZX+p0XnToigmZMumwGqqTYEQ5BJsOZFtKVKR2SzjOyMt6ydlthjMsat3KDtGHX09cPbKRTh+9gwdPXUSOnq7Ia++l6pOCyBhF7JnXLq+TvM0zJpN5EQKTYKwjAthGQgG7OW12EbiFoeG6ct/9D387ne/Swz8ZEe+rjM7NDREvT09MK4AYn1DAy5csIDS6SpxVdfU1uJtt90G7VeusAuYxkZGg2omkj1sKmqwfThmjnyPGJywu9fuX9hT9TflJgzIIiOjApQwSRvielV9dnd0wQ3r19K3v/Md2LlzJzAzaQ+GE26GBodocGiQ+6f6hnqoqauVPOxUKgW3fupTkFR/meH8t5/+jOMPkZMnEENahZM0B+2+1bGbUm06JpKrsDAg9WmCGz6YWwFOt2X6VB+eSYBxjUqh1AGW5JAY11dmlzfl1THuO3IITp08RetWrYLNa9fD2hWrYNmiJdBcVyfl6QTXgUMlji/lWER0qMgakhyKkM1RMqkFo/khrCpNPPch0e33y7VZ6XUKKmBXKt1n5Pb94G1zLWtD5PadBP4it+/sY4ncvpHbd85jwglh7iHbaCeeETIu6worjCLCvsw25Qo5KBRL7PLlYHpkVg8cnWPJjJ3UzVVfzZXy0NXfB8fOnsIjp0/RsTOnoaO7CykVA6dKLchSdQOoSJ4whg4v+iLT4Wu2z2YVh0uYmQK0obg0BCtz4ojKSKBnNx/bsHxJd1cn3f/Ag/jYF78Ia9evQyMfBwP9/Xjw0CHat28fXjh/Xhgmdk+uX79eAN+69etlwzNnzsCJEye48gVyzVoGRhwHJxIrPulkD06y4Hg+rf4iAMVxdI4t25kZwZgCMS46AaMlVTW0Lh55JU/GygqBn//8I/jgAw9w3GAwP65cukz79++Ho0ePYnd3NymgiUuXLxPAt2njRkyn05KtfKMCto996TE4rc7NAbV9TQ1IVY1p542ysBofsvDy6tWrWA6Hjh87BueuXMbFC1t4vPquoVymLsCCtmAe+QYFuppK9DHEFKMPJROQh+yyVt0lajJqrvnIbPGFcxfg8NI22LxuA21au06BwMVQm85IiWbJgOYQAatYrezELmBxzStAzzZlAKgAtNZ/0fsJl8eb8Ro66Tcz07UrcvtGbt8P2jaR2zdqUYtaZbeJNvPUSn5olk1npjpO2eXLIIPdupzQkZeSbAW1QGsAQ2hYPlmsXXHf5kpFuNRxBU5dOA/M8r178hh09vSAr0BfrC4tIsqEpoiu1HX1BSw6kjas+5Mrhklo8A1zVg5QNBIlaly+AqHjo2MS91VbXyduSJacYSZNMmDVoi+VKQzwmlE0lFksBRASsSR8+jN3w0033ywuQ25DAwPw0ksvwd/+7d/Cc8//Tt5LYAwKVIJFzS3wh3/4Hfjczp2cwAG/+uUv4bdPPw25fEESNvgYmRXjxmyUQB2bIa0ANI89PCo05ySvwHMGqoPMXu1qL8lzZkkvd3bAzgc/B4888jAsXbZMs1qqXb54CX70ox/BT3/6U9h3YP+EY/zql78C3/ve9+De++6DVFVKAOjNt9wC999/P+x94y0oJZW9EimTWGNcqdbdi7qYRk9PL9x2+23wzT/4A2BA2dnRCa+99ho885unIDueBQaW7Ar3jZA3j5uzp0XP0WaOOxhk7Tq2kount+cJGDMMqcxFLtHn6hCArLLfiXOn4dy5c3D4+BHYtvlG2LhuPbQtXqJBoJpDXtEHx9Nn2kWdwe3n8gr8lcQdzPNZqoVwRrZxyXs2KxtCpfxokgSQxZQUOYWjFrX3q0Vu38rHErl9I7cvzGEOh1ymOrEBTew7mVoVRttPsl1LnkcK+GE2l6O8AkYMpnyjakx6QZdEDo7bKvol6O8dhDOXL8D+o4fh4LuHob29EyCdIKxJ6uobaCPumXbxjKae1YfTkFRTfVhelDUiIrsA89CYxckpoNE70EdrV90ATc3NcOniJTXGvAI1VZKIYEGiSBN6vl24bQLLVbbhfoeHhuDGm7fDlq1bqbauXizCWn+HDh2Cf/iHfyAGfvW1dVRbUyN9ZLNZHBseoh/967/C0SNHOAYPX3v5FUjX1kJVuko8owKCGLzqsmRgqURPXMEx3gIgVBREtrHjBq2HqEurGRKNgVKhIBBk27ZtzDxKFjC3kZEReva55+B/+5//E4z5eVi0sIU4XlCBLMrncvDzX/5CTm1TUxPcfOstAoAWLVokQHfVmtXYfuESUCYtM0DrUKPNVNYi3hznWczTpk2b8e5776WVq1aKnuDKlStpSNnu6cd/LW5s0DGbTN4Rx4bq7HCdsKLLyrlkE1kEVHr60GIi6WLqKwfYi7R0oJSkY4bYVXb24Oi5k3D2/Fk4cvYkbN+6jTg2cEnjQqiLpynOjKlIS/qsdC2uZbYj24Clh4rxAnE8IGdCM3spiUy+sIflayji1T+kq5Ff5Pat/PoXuX3fP9tEbt9ZDBK5fSs/nsjtO7f+Z6PKZ+vrg3X7aukUo3MBaBd3CclSLxW4Qmb58gX9t1AqBoBPNo2xy5YXVB+LatUcGh6m85cvwqETRyVGq2uoTxhApyENTiKOHpoqGSaEcFI6gvYNmvA+O8ogDjF03AL8WJJErdabt2yhW2+9Fbdu3QqpdJp27XoJn/jlL2F0ZATSmQyyhh0YcCnAJQAeU9uGgeFoPgdtbW0MajCZEtYP+/v66NU9e+Dp3z6DTQ2NVFNTg7bfTDoNVakkMkDct2+fsFd1TY3gaqYPOa6PO+b3mb1isOVbQBvUw5huXl4FNGy1Cirk8tja0ATLly+ndDoTHMeRI0fwn//5hwz8qLVlEaRSKeRqGGwzZh+Z+frFr36JO3bsgBvWrBG9QgGALS2wWoGnI8eOgpaxiSG7nMnwX7qiCMFYNssubOSkkabmJpmjrNu3cdMGvP2O2+mlF17EXD6rJlEVxN2E2JTBH5VM+TUGda5k3iKDYh4bj0tKrvjGr6r1r810hKD6itQmlthA9SKBxKwq2/2dQwfg+LkzeOPmTbB9/Y20oW0VLlmwENJJBb6LPkpMILvLS77Iw2CpJPPb3MhQIq6gomGZGbP6xsUOGnADhAGweX+Wa1fk9o3cvh+0bSK3b9SiFrXK75JMLFng+hXhYRYKzuVM1mRJJFg8KcKmMyY9TRBKMsdILguXO9rh2JlTcPDoYThx6jRkkyRxfyh1dznTt3wFEeHdUMoGTrra+DNAdq0j50MxywLGy+FrX/8qPPDAg7B4aZtsuFT95c//5r/+tbj4mhYuACONohkl3w+YrKkvQ/r9JgWIWHjZtq7ubmH+uHHMGJhxODGuJcxxe1wGriRu7ISxaRlkknHHeuKmtq7Z+TabPJJXdl+xfr0a50KIJ7Vrmt3yFy9ehFd274aEE+PYtmB7Hg/vu6a2GobHRuDUqVMwODgo4I9bbV0tLFmyRINkr8R11OR7nsnMFRkYdvn298G9n74b1q1dL+5d2+obGoE1EBe3LYazag6gTgzRwtPq5qG+vh7q6+rg8uUrcPnKFbm7X9S6RIuAo84SlvnFYyWt5Tcl9cBT1LWZxiCl8Nz6DIyWCrBn3144f+4CnLlhA2xdvwnWKTDbrMYVB1fdiKh+0ZcqJJ6BlXk1t73RUal4UlWlQHxVSlzLPEOtOLdHZXFoDGW/R47fqEXt/WkR+Ita1N439GcAEJnYKwPIeMHjhXpsLCuxfTYxAUXihAPxTUkyBejGCjno6u2H42dOwzsH90s5suHsOJSSqu+41qnzMVT2N7RaWrkNDEfPT6cwchVIFCk+aF20CLZu2w7LVq4E6/LcvHUL/P63viUi03/z938Hbr8LtQp08Bc4UcWyf5PdebZZ4FmlQE26qgxsGASzOzjpxIJ4Q8dKsShwI8BKAQi2nQAt1HWLwcjeODHLHl27hIgVi+YxVFVVCRh1TAChjHN4WJ5XV1cHLCMDYc6olhq8nh73kNqOs5Vt4yzfOgXOBKBbt7O5MbDxdn5RxwFu2bYVblhzQxDHaMfDEjObNm+Gc6fPgs7D0XIu3b098JnPfAa++Nhj4vo/q+bK23v3wpEjR2SekYn1E1sxcCYsZyWVE0eMGxzKgs1WvNnE7nHMacdgL/TteRXOXDgPN23fBls33QgrW9ugNpXhTCQoqGNwFAiPyfGh2IblciTmUN3gsOxOXDKIdTwr+KY6CKGJUzTzJIr7i1rU3lfwF8X8zT6WKOYvivmDSuewjt0Pgu7JuPOIwREzRxzbl+MFWRxfiL7eHH1XV+bgcmzDoyN47NxpOHDsXTj07mG63NEJbioBseqELJqeo9k20WLWrjQSKRdPx3G5RsYlfFJ1sNvE8U7S8RMJEWbPciNjInnCMVuhiiSSxbll2xb4g299CxUQoh/+679IwgaDOQYqKGDNQwhJWE+2Df/NKlCUzWUpUy3uVKpKpaBOgciiXyIjYk3i1tXCwYiujmsr5gvA3xkfH4PRgSHI1NVRQo3R6ujYyh7+ROBAc/ntsN1crS1IebU/AzhJA7gEA0J5zvIr1lUp0irmrOtkaWDXNcckBh3z+R8dG0ML/uy+tEtWYiZpRAHgxmQa1q5bS42NjagJUF/OMT9vXbIYtt20nX77zG8hm89J7KUdG2cVP/TwTmxoaITBgQF44XfP03/5q7+CixcvaDLNaPXhFCEB9vbBzhMLgCVWtJwJzYLO4CgQ66d8OtPTAeeeamc9Sbrj5lvhxjUboLWhGap4G5eTS0ikZlg0Wp1C0lqVeeTqIMlkAnkuSX8xzYCSb+M2MYr5i2L+5nIt/qBsE8X8zWKQKOav8uOJYv7m1v9U4/tQYv5wmjGFpSxsHJ2Rb8FsNkvMmHHCgqd9lViS0Hu1vmqRZhzJjcGVri44fPwovHP4EJy7cgkKCg66nMGrFsUiu+OMWK9jXbU+WXU3ck1pOIQJwE8v6ljRPBfwOF7KIpfxqq6uJsegOHs8qVQV3HLLLVAqFJCFmp9+4skgE9gynqG4vwnnx+rH9PX1U093D3KJNX57YUsLbdmyBX78059gMZenVCIhMitoNOu4wkZ/Tw9s3X4TPPLoIwI2T508CcePH0NmuRhI8ri4dxFCBgiFjc04L6eM+eP3FajEzo526O3rY+COyVRSgF/bkjbcvGEjvHvsKNVrQWiOZ2OQJjF7HA/J/dxwww0B08dtbGwM2tvbIQEmAcP30TCArCwjoLl/bJSzi2nzxk1oXL5o9Rf5LNfV1tG6teuxbdkyOHbkXWHRRodHcduWrZyUImwks4+NzU3Q2rpIDiWfKxCDUK7d65iwA/TI3hDoRGecaBtJ/DC2EWypgaBMKo+jCuNcUUaBwJJHh06cxPYrnXD2xnNw66YtcMOyFbCgroFS8YRC7CV2ARPz1KWCeu5p365UkvF92V+c6zQ7JlPZF00hDAFUsvcoWOa3o5i/mV9HMX9RzN+MtonNcbF9rz/H97hPfI/6vtbt52ODSm00X4CO8zgn+B4f63t9Lq/VNngN/Ux3m2WoLu2K5f+ZreLsx/GsVOiQAHxxf7HwnMMLqcniVRt39ffCkVMnYP+7h+DQu+/CSCEHagVFUosjs4FkdNZMDTAdJaWD9GymKjomboyonMhJtlCvBoAYZvymPG6D9hIK7KTSaeTx8eYKYGE+l4c6zrLNpGHHHbfDuDo2jl/81ZNPSA/pdEbAx3S2YRapOlkFly9dwjNnz8Cq1avErcosF9fKfeThz8Nvnn5KdOPS1dUyEM467ujtkU7uuedu+Na3vwP1jQ3QfuUyHjhwQMSTX391j/qOJ+7pUsnXwn6BPxvL9d2uHla4TodNeJEXPK4LCvxdvngRc7ksVNdUyzZr166F3/vmN+F/+Yv/iJfbrwAnfTiOK9qJzBIOjgzDww/thLvuvBPq6+rB9tnb0wvnz54VwIbmPNlzwoCVH9w2bNyIq9esCaqdSIk3kbKJs+sV25a2wdZtW+HgwQNS+WUkOwo333yzMH/JZEq+Mzw4hMePHYdL5y6CVyxpp7VFTn4I6uHVc74cRUBa3xFEJBpd41Zn/FbiEAbVaTwZRwXUYXB0DPa8/jp0XLkCW9ZthG2bbkQGgWmWtPFKPDEltMFT50YEywueJJIwwGcxbGZU0bjCJ0cwTFrBpiqKPJcbx0oWTZzj80o8G+/1dbbSaxfOYU2NbFOZV+u6t02l4O9aUfFsFDLOs89KUfdcj+dat5+rDbBCpP9+Mn+V3FnM5VjnMjlpBjZmLm7iudpmWuYPZxl7EFfmlEtwBcUvTHYpv1EslWh8PIsKNAmAYa8gZ0R6ao0rOQoqiCqxA2P5LFzsuAL7Dh+Ctw/sh/OXLwGmFEDIxLlEBYkyjChCO2QKyIpYMRl3n2H/EGKOqZ7hBXVxbeaqL7IezKg4FptORkO6a9TsS57JHwYbrmtTSOHs2bN0/NhRvOfue4EZu6pMBu76zKcF8IyMjMLzL70AS+IJSMVSE5JcjPuQtNgcYE19Hbz1zl46ePCgCDcvWLCAQRtxRvGf/OmfsmgzPfHkE9g/OhwMjtMt/rs/+x/hi1/5MrQtXyrHta52g8J7Pv7ut78TdMVA21UAQ/UlSi8ceqhjKh1kYWLjygyFQGLAn5JWTWEGDm18nWvc2IcPH6ZzZ89ic/MCsUTr4lZ87IuPQW9vL/3D3/691PwNz6OHHvwc/PEf/zFs274tAHB9vX2S0HL+3DlIcNKDlGjT8XoMA3mcI+NjyNnA6zduoLr6umCcFy5coOHREVi3dh1WpVLUtmQJ3nrLLSyLA/39/bLNxk2bQI0rmLmXL1+mF154Hns626F5yRJicW+2D9d2UdYwikPaDISTfjtsJ3a9q8bZ3GoOoK4W4qPVp3TMPERNO2MspYCdU4KTF85Bd3cvdPb10C1btuH6VWtgQUM9oSsZ7rILPlZ+znGA3jgnrPhQpfpiUWthjBHKupbWrqHfWPADm4G1opmvTbOxhnNlcGZyM75f19lKr+tzZbci21R2r39d2yaK+at8LFHM3ycs5s8kSlx1nrX71Liu0NYplbg+87kINlMg2JzPi8uQNVh40WQ1DqnZEUPIg0e9/b147PRJ2ntgHx46cpjGvSLEalMStOc5aC1iCLvQUHwKtPt8zahJbFhRu5hJatfywi3OYA4oJJNlWU6kxKlxrck+BUpn0iznYogrgssXLsL3v/990eR76KGdWFdXR+zWvPueuyEvotQe7Nq1ixNFMJVMgZHzIF7Qix4v+I7EtUmShHq9Z88eUuAP77nnHpEi4WzYe+69h5qam+Tv2TNnWOMPmpqacO3adXTrp24V16b1yw729jPjRy+/+CJwuTp2nUsGrOcZvBBwn8y3WqYtkL1hu4hT0nHMdo4cvXHJytjbFrXCKy+8BNu3b6fly5fDwkWLpI/16zfAH//Jn7BWIRw6eJA4W7k6kyGu5fupHTtw29atlMkIUyiMHlf2eO65ZxnAYyqdksQHduf6GrhLmb7h4WH67H2fhW1bt9m4QmRNwZdfeVnKw7W2LJLYyPr6emKX8rq1a7nKCd7+qR20Ru3XnCvkBIsLFy/C66+9TvFUVVC9xJJ8LNBtxbhhijJ+YJJppCIM36wwSOMEjnhMyGcGkVYP0VhZYh4585zPwXAxB28cfBsuXrlAt267GW7eshWWtS6hqjiLPqvN1FxVPx6ZmSyLUxpXN0fK3lUpT9hWNW8JJ2b8kg2kYDVCS+kihSMZQnMYK7pgRTF/16dtrmVtiGL+TIti/iofSxTz90mL+StnxuJVH5rsXXHhsrac4wRxYizbogAfZrNcnq1AJZ9ZONbrIyzxCqwWXgX8MFvK05krF/HA4cNw4OBBPHvuPPgpB+OZKtZM0SK8cJVbjixo0ckNro7HEnbNx+GhIRofHoWGpkaMJVxJSOBkCN6Ix+DakhdE085zCnkHGZCpxThgXtRCTa/u3oMJtYhzfN0D9z+ADBAbm5rggQcfEMkart6xd+9eaGleYGu8oq1VK3FjEnTmsOYd7Xn1VVy+bBk/x8033iiHW1tby/p4tH7deuzt7ZVsWU6caFnUosulOTqTdkwd52uvvgo/+dGP8fTlC7CybRmZ/WjplVCtXwVabP3kADj6ZptMIkWBADZoZlBc6Aym1XNOZhkqDtATjz+O69atg50P76TqujpkRm/jxo20dOlSuOOOO3BgcIDSqSpsbW1l+6tTGAvw+umTp+Cpp56Cl373AjQoYMuVLwT8gbaNZ9WX1WveB+sKMtvGb3R0tOOuF3fJCXvg/vuxRdmNB8hZv7fvuF1K3G3evBkZ/CVMpZQeBUQPHzrEbDK2LmyRpCNLSGs3Ms34mw1K3enCcIFmIltP21UBZMcN5rwNK0CTbCP7cIgudXfi4EsvQmdXlwKB23HdDcwCNoGrjqCoeuO87pKJPHTU3CF1rtUcInWeJd7UjIxCp81w6zTlDat18lPlZEIl7s8o5u+jZxv4kGwT6fxFLWof5xZoIRtmb/JVUQMuPyhHZVIydU1eBfo4C5NBEFm9PgXlRAxZvZYKHSPDcPjsCXh939tw7MhRGM2OQ7IuA75r9dGgHIkPV69oQbksT8f6cTUFTjIYGx6CL37t63DrrbeyqxKeevLXspBLFu5M2nuTr2JmoeXv2cQNdlszmOT24osvStwau35ZyJgBVlNjEzz00EPCdnLG6uF334XFi1plu6B6hpR/00iSXXylWAme+MXjUJ2phm9961siYcKgSvpTIIkf1gUbbsODQ/Dyiy/Bj3/0I3hp9y5oW7goOD7PJImQpyt6OG5MYsrYkAwmL1+6LHqEvX194jKta2wUmRXh/EwZOB6zFmvWjFfDgmZ4++AB+Kd/+if57J777oV69T0GO8xW8kPr/OGEayxX5eCavD/72c/gpz/5CaRrMgqMJwSkcQk6Pn8id6K+06sA28Z1G2Hrlq3AlU1sa7/SDq/uehky6r0zp8+IaDSzY21L2mDH7Tvgn374T7Bm7RpQoDD4Tld3lwBwPttxcw6tFqNjWM3JNg03nV2sHa7C8jlahsbTrmBwY/GgpNxEuhyMVp8jUUX8yxhVx7l3/z4GgNDZ3ws3MQu4YDFkYknOBgYn4cp2og3NLKCXFZHsdLpK7BTTNxByXsjc8KCDVgtmylTySCAmalGbuUXgL2pRmw0ITulXMtmPkj0prkzIFxToy7Jocx6KXhF88aG54MccqdHrOSRuUY7tO3DsMOx5+024eOkiFHkxTSlgmNC6feyOk4UaJ/quJt8qen4ZfBYUyNh2002wc+dO+MzddwO7BF95+WW4eOEC7HnlFWhdulQAo2VwLLMzJRg071WpxTlZlQp2yPV0i8UCMMPEenIMMDOZTCCqzH1xOTOOdxsbGYW/+v734cz5c7CkdXFwoWF3sU4t1TqAnEAx0D8A/9d//r9FO+/LX/kKbNq0ERYuWCjyMTZuURZ/35Ns2YsXL8Ebr70O//aTn8KzLz0Pi5sWSPkwC/rssYlunokM4/PU3dUNzz37rGQIM1BndzKzZgIQ0QlK3FnAy8CPTMwif97Wsgieee5ZBYALMDA4CJycsnjJ4qDGrgXJfP54LH0KXO7ft08Yv3/+xx8KS9y8cEG5FjKUWTJuo7msAnO3wZYtN2qwyiB3aAROHD8BZy9dkNfHjx+HT3/m0wL+GHDesPoG+NIXHpNEj4x2+cr4GOAy6Iyzoz1IAKKr6uZOBwBlnvh6nngsT6TGa4WzmUl2hXH2wglFwdwUh7sARBdcBZSp6IGnQP6ZjkvQ8Uw3tPf2wF233AZr21ZCbVUGkgrsM1AvKZDoKjAYV/sUXUKR+FFzvKrK2NbOVwp+lFP+NqNLVtSiVjH4i2L+Zh9LFPP3CdT5o2nmHBrUJSH7arHP53PEunO5fCDaTOK6laxIn7yYg0O5cTp78Ry8tX8f7D90gLoH+8BNxinGgmiuQ55CAyIU4pbdzSFjTFjnbGUEHgizjZ5aOBUAoEceeQTWbtwg2zMYvPuee+DN3XsEjLEMS5BdOr16Ltn+6+rrqDqdgbLsSQo2b74R/vIv/5JWrFjBdWaxpqaGJgMLrmDxxS99Scp6/fV/+Wvo6eml+oY6AQ+owRX5UodWm7ixqRHj8Rj97d//HRx5910Gr7Rx40ZoWbSIqhWgYcaUa/v29/fRJQX83nrrLXj68d9gdnwIlrW0MvCjgKky9Yx90nVm0RxLXO2T2VjWxusfGpAdZzAG9c2NEFMg03W1C59BHsfhMdvFJmIdOrYvxxNWpdO0WAHAV19+SYHq83T3Zz8LNykbr1q5EuobGrTWoO/T6OgodHV14dGjR+nFF16E11/dDbWNjZKFK2DU95Gzo/m4OMGEgeK4ArXcuH7wotZWLa6sRqD2g7t37w7O1alTp4hBbENDo8TAtSxqga99/et445YtZF2+XZ2dyCXwrlxph8bmZgoY38lAb2L5tAnP+Vwxyzus5g1LxtTV1kFnezvHgpKASQlCDQdQhvQBDU3tsyAMY29Xl31zY1U0om6Mdr/5Gvb29tGdN30Kt27cROwGTii7x5IMFEvAhC2ToXyzMW50/1KpKikz52r7SS1hB+d9bZx8HZ/u+1HM30fTNteyNkQxf5PAXxTzN/tYopi/SOcvtG7qBIGSiDYXFDgZR14sJa5NguURPbX8+Rw3pp53Dw7AkdMn8PV33qJ3jx6Dgl9CN50ijGnEwsukZOOCCD4L6zedjqBJMJH6vwLUFJDgAP/BoSEcHh0lmwzJdWTv+vSn4eBjj8AvHn+cOMPUVotQqydOwfoEMX9eyaPq6mpkzTg0EmtcW3bd+nW0Zu0aiYMz35d6u4NDg5Jk0bxggbA0y5Yvg6989asCTP/m//3/cEwBonQmEyRES8IHeDp8Um1fU1vL/dPbe9+GPW+8jq3NC2nt+vXI5d/Yzcqs4Pmz5/DIiWPSRXN9A7TULRF2kGP0hPVzdNauAD/D/vkGPHD8nOqHOFc6lUpIPJnBLiwwrAEPavau5JUkYYLHw32HRIdRXN0ti2hI2frvfvD30Pijatpy83YGqsgglI9taHBQWLfjZ05jxo1LgkjcADMwINmKYaME43nQ3ddLt9+2g1lVNKLQnFSDXEZu14svKZjqiBjyu4cP45EjR2jFypWiOdimgHZjQwMsbGkJJsyly5fhtdde4xsSqK2tCeLyLEscZntp0m9WYvdM+MKVzg7YuH4DfeXLX5ZKI8xAPvvsc3j27Bku06bAbgItSIVQhq0WHncZTFNe2TLuivuXOEzQ5UQXZdvDJ47h4OAwdA/0ISeDrGxbDrXJKlap5NrAZHKTuOa1/KZIQlarZS5IjRKp/Rvp/EEU8/dB2+ZjF/MXMX8R8/eJY/4wWI6n7tPm2RKWabIgE5Jjy9TizG7eMQ5SLxZ1nwxqdD1eYf5YwPliRzu9eWg/7n7rTTrXfgnimZRaHRPE8X3EIXBayEVX+CBfy6EgBdQMmnILgiuNyAXoahI6Ep5LgqnHrpdfoXUbNsDyFSu4Zq6Ava3bt8Mjj34BXt29RwBUg8S3ucJQwRSxdAEIENYrTrGYa3VteAA6btFk/o6OjOK58+fo2PFjcPL4SUglE/DoF76gAOJ6GfbyFcvhm7//TZYMoX/54T/DyOiIfJ8Xc+smVaCNmS8RMebSZ826TjDlsll45+23JdnAuJWRmbeWBS3C0sXUawYYOrOay384xt3rm0DNMnjWLmkehnZdsnQNx8Gxq56zWNG42bUtREKHgY18l5MPrOuYn5vvQzyZpGWpFItcwztvvMnxe5Kt7Jlt0jU1uGRhi4xL4gfVe6LhZ7QYPRN/RyEktl2dq02bNxOXk+PW19dHnMl7pauDFjQ1C2B8Y+9bxLGcnB3N4K9eAb+6+nq02a/s8r144QKeOX1age3qABAHJzfE0tIUvxU+jpHBIRgaG4X77r4Xfk+dv/vuuxfa2tqgq6tbxveb3/wGdr30kmS0xxQsNeXgCCctQ5Jcwzc/oN38vGfOBHbchMJ4Ll3s6cCe57qpp78f7vrUbbBh1Q3QUFWtYC6HJ5Dk8YpuIrvfs1n+nYh7nxlON+boasjGfhi6c8FZisJNKmMdMX8R8xcxfxHzFzF/EfM3kQHT+CtcF0Mvmhysz4kdzPrxc9+wWaQWJWb82IWbLeThzJWL9Mrbb+Bb77wD3aPDGK/NMNunZWKYG9HAR9IkJb6NNeZA9PxMbJxerIv5AvoKaDCDwsCJtezIZBwzCGKJj56ODnzu2WelSsZDD31OMowbFdi7bccO+NJXvkz/8o8/FD0+iSebOthLZ22S0C6k+sQkV8zQAEKYyWK2QFfaryAnHpw5cwb27XsHd738MpxWYINbdjwLv/d734TVa24Qi3Js2tKlS5EFmXt6e6khndaCxcUSj58sLcV/GZQxwJEM23hc79PU8DV1kTEc0yeJLOrYS+gZXT5Najna11su98YxmdoBSaZMGfqedpvz97mEG0dPsrwNJ926MZT9+Cbt17Bl/F00sYCkQB6aknaUUraX86jsxJvZsYnWIOnYTGEgOXGC4+ZQhwpI+QzDWlbFErRg4ULIpNPB3Gxvb8fXX39dzMOyLxbnsOu3XZ1rtqnEwnGMobKp68Sgo70d9u/fL7GR7CaVQ9AxfwHYt6XbbNiAJywwiPu5t7sHec5w7eYvPPoofOq224gzuflcMpt7X+I+7Orqgj3qRsNXNkBx5etEX6JywgfZGwbSxLHcthg8bmSJMJFJi+j562+9BYODAzC84w64acNmaKlrNOeedN1k8qjoldDPZxUQLErFmUx1GjWb6JUZcZ3xbmbTBJmY8EWBQj/+iPmLmL8o2zdqUfsktQkCxzg1vUyTRf5MvVjO4BzLjktyhxBowrxJPXvBikW16cDoCBw9e0qyefcfPgSjfhES1VXgxVAqI2hMSVpfzjjMiMqMCRgZkpLa1/jIqEidrF6/XuKdzhw/Ab29XZCprYMkJxs4mvWqb26C/W+/Ay88/zxs2LBBLdbLJZOU4/MefvjzcGD/AXYbCoNk4+/QceAqZojdvgqcMXDjZAYbSzc8PAJvvvkGMPPDbsX9Bw7Idxpq6qBlwULo7+uHH//4JwJwuPQbS7ScOnEC3lHAd3BwEJipYneijNfVpbzC+w3/tckF9u9U5080DUOxbOIrNFBEgxxT5cTo2znoBjGBAoS0qnPAphpBYe1SJ8NWBQVCrESKZgjjmgHViRtGDPqqq62RU7FJHXYbAYeuTjARVlMB0Nr6ejk3v37ySa7uAYuXLBHX8dEjR6CuphYsmEnFEnD86DFJ/ODKKFL+zdTe5cZag/uVvTmJprlloS0hFySjBEkxhh0V2RatCwldvd1wy/ab4Etf/jI8tPMh2LhxE6SqUia0wAsSR3jcRTX3YwpcoiFa7e/Fp8moCkP1Du0GWhKGqUJXzQmMeXBEzRPWMRwcGITbtm6HJQsXKUAcl+2JdDY0H0fJL3CNPDmHPD8lqccoDYaZ7JnoEAwtg1FySNQ+qS0Cf1H7RAPAqRaJabI7wJbuGh0bhWwuLxFrsigJsnDkwWWrOJHj0PGj8OreN+H0+XMwroAfxzph3BVtNwsAcIZ7NSsdwyXFtt20HT73uYdg0+ZN8v7Zs2fhbQXyXtvzqvTPrbGuQSREeBF/3oA/Lj+Wqc6wWDBsv3k77Pz8Tjj67hHZJm5izqaSUZGMTbXvZCIBKbXA2s8H+vsVsHwB/ut/+28CJlg/TpIWUFguWYyZFfq3n/0MXn7pJejr6VH7OwyJRAqaF7XIODhbmBdz43q+pvMXuDCNGLFd1C1As4/As6pZIS3d45vMUcPAySk0/fp+WSzEzgsjVq1tgVYoe/7QgcdLBpgxGI8pEPP8M8/AG6++Kq76tQrod3Z2AieP1HKtXt5e2ayxsQHeObgfjilgyMLaFpwz4B1VNwmcyXzkyFHTpysPsslBk8C13FywRJC6UeFydJ/f+TB8/RvfYJcyLGlbUgbepI8fVT/jY+MyD4gZUmadJ905OTjFb4qupiWM2fUX1O/CramCy91d8NxLL8Lg8BDccfOtsHrpcsgkkuDEXQGoLqHsL1vgpCoP0l6JmVKpC2xvWsJZ7FNSaRHai1rUIvAXtahZBtAHKJfzQL3YMUBgtsYx0hy6Pm8OxtRfEeiNmfqsXKCea/OqXi73dMAb+9+Gt/a9A+cvXwY/oRZhA/w46smDctmQ6VENSOYpu1BvvvkW+M53vgP3P3C/JFPwIj6mFmDO4n30C4/CkaNH4a0334QXn3se+oeK8vWDhw/BE088Aez+5TgyBgKti1pZkBkOHToMv/jlL0R+Jcn1ZSclAISlQBisSfyZ+diIV8vzhQr4pdTCzMDDauFJrFsmDZ0dndDV3i59NCxYKKBQ9P3IaLQFLN01nLfQIi9xgT4EQMTWNXYcmAC0tS8RDCOoxRslWM4cn2POvXUWOuiUdeOCfVHAmF3L+O2YXAGuICCOAfnY6BjsfnEX7Hn5ZeDKHKlUUlhGZrh4II6RgGFWsKOjXcri2YncqV6zm7i9uxPaWpdoIAQT5XwcUzvXM1I3HQpwLWxohj//D/8BHnvsizJfWELGNs5CZhkhHh/rL+YLeWFxR0eHgauUQOh3Y+fu1UWCpwJ/HBqhbhpMtZCEmjvJ2mroVSD0pT27YUTdYN112+2wee06qEmlRVbGjp/ziAsexwGOy7Gl1RwVJjakX2jjN8P4HOm9KdIetahF4C9qUfvYokIM0hd5oWLQMzo+rsEPan2/EuigfYg5MF4qwPn2y/Dm/nfg5df2qEVsCOI1SQW84pzUIYygFtllF6GhmoimSVUhyd4dH8tCTU0tsPRHU3NzwMTw4rxl21ZxD7LW3H333SeuOi4fxvFer73xOvz6qd/Apz71KXEfsvQKf1eqU+zcCW+/9Rb09fYKcLgq9M8wXMy0JNWiKuXCzCYFtfCPjY+JK9DBoPCCdikaMJNQi3DCujdNyqbswwjyShaur/XbwJn/UjyBsQxcs04ZiITYH+vKRcM0WZBomVffnAfL8BkZn6DrABAbmRHQUj4zFpCtYHrp/fGcUPbgTGqOIczUINSo81syunpWaFrrHPqy/3oFhk4ePwHHjh6H1atvCPT9rijAze54dg3Hdbwf6CQhHTvnGbFmfp+TOgaGhuCuO+6EL37xi7Dz8w/L/DAVWQQYMsC8cuWKaEauXLVK9sHvc/UQnvtcp41waq09mI5pw/JNhgBRk7Jb8BkAqt9GdRVk8wV44+A+GMllgeNmN69ZBw3VNYCepCKbmE59M8KxjQz+M+mMgGfLNGrhbJgl9SNqUfvkNvc//sGf/q9T3JjB1D/ZGYNA55rQMdv3KukTJ22Hc+h7rmOZzUaVkEzzte1c7DLT8c1lPJPHhnM8VrxG2+AU+5/NFhXbBicSFrZIqf1QkiWkHm2pKAteVi1ELDvB7iZmhIjrnSqsUVLbjpUKeOL8Gdj1+h7Ys/cNHC7l0KlKArHOn8trFgUVLlxH8xI6B1MnSDqTBu+YhTEej0F3Tw+yDh4LK9fW1QGGbMELdU1NDS5tW6o+vwHXrV8HGzdsxJu2bUfWx2PJjyWLF3PCBYMBrEpVIYMzloR57c03oMaIEweZn6asGY81X8gju44/rcAly5j09vTC22/vhRdefBHV94VpETuE3IjWVW1fc4Yu6VpcpoIGcgIH2kpm6CDOcs5nBH/cl2gtmuoTOqvAR1P/S/dBugoz6JJknOiB2kVIAaDi90lnXJtUATTl4fS2QXJ4GRCKwTR0sUEBMPn5jA/7lJlQ46o2rx0rmI1lBgtsbTOdTBKLqXMwrEWU1fbsnmfG8NXdr8IP/vEfoF7Nk2QyyWXYpD923at5i5xcwfYYVd8dGh7Er37jG/jd734Xdz78sGg2Sjk5dVx8Y/Da66+xRA+cO3cO77jzDmzR9Yzx1KnT8OSTT3JsHiYzVabGtc74mI7sm2wb/sdxMLA/Mqtp4maZaWf5o7xXgkvnL0JvXy+HFmBDbR1kFOg1wN6GoaJmfX1bQpDLEaKeCzQB+OHE33xwLzDD9QUrmJeVrCNzuc7O51qJFawnla5fOMM1NbLN9OvPdWmbMPM3U7bLbBkxs2XCzOd7lfQ5+eCmy7SpZDyVbE8wfwBI8+z7g8r2ner96bKcKznWuW4/0/moVBpmTrahcgU3siFjBpYIDmB3FIM+dn3x8yCmCEBAIChwlisW6N0Tx+HFPa/gwSNHYAxL5KRTHKckOn+glyVZ34Ql0wrEzGBoeRcExClGrUuhuXDhwjl65pmnYf2G9fiVxV/lGK4JniweO7tUGRhurKvDG9asoTvuvBPuvvduPH/hAmSqq/XYfUETsPqG1fjoo4/Sgf378eSxo1AbbwiSCTSm0mkurFmXV2CBZVzOnj3Lci548MBBOH3qNLHMihtKIAiYP8SAnRQRaglTk9fICQNa4oVBrYuGZZtpbk/QjguDPgPMRA6EmSBe7XkcLLNC5BtXNrB6snyVR8qgj+sSS8KD2oJj4bhyrmdRL7NOUotXklY1oIzp2r6+LilG6iF4lUXnxHmKEmtIIcHEiq8P1hkrXlgydY81jkIycjNBX9pNqxGoAjjJVIrGs1l88tdPwpEj78ItN98iWd0sAcP1lEX70GS/qo6RYzwV8CN2nV7qaIfVbcvwT/77f0+ff+QR2LJ1K2fPBr+x8+fPIyf0PPH4r+D5F1+EP/sf/oxqamuDc5IdH0euXMLC5b7B3MZPHgBAhybkU0ywTRBX6+uwCpZ+4RutogJ7fKMFfApch9yqFDIQPHn2DMvpUH5sHG/fdjMsX7RYfgN+oSimYsDHc20sOx7ULo7HYjjD6jjVtWS69+aStTnTNWmuWZtzuVa+39m+kW2mX1uua9tEOn+VjyXS+fuY6fzZClE2HQChLFZWVEBifFwBP7XI5tVzMNmgAhAZAKpVr390GN89fQJe3L2b69hSMeVK9iIpIFEk4Y0E8Gk+hSk1tS+uxavdUlZ9Y/LFR+CXMDxqaW1paYX9Bw/Ab599lrZt367A25qgljCDUg6+53isOgX+uHIGa6A1L2jmmriyvToOYYYUVOJCXyxNAttvuoldffSfj5+A3Ng4VFVnQobQvtKEOg4FBOjHP/oxcFWNd48doZpUBuoa62XxFabPZ+jqkBW8plBWqTBpvLhrXlOOkgGjq5ku0WzT8XNglQvDdcIEIEs0nzA74iZmlof4uQC/kodShxdYBidH48WSfLEhmYKGxiaozdRCOpWCWDwBibhrxhwXNpXtxOeA68d64o7Xf9nVzm79bD5PnM09ODwMg4N9lDODUmCEMom0oMmYOn/MovLxuKYqiLBZjmM0Bw0xFZrSWBaWxKBknQKkjpH1AZ1JS4FL1AhLO6DtpauYKGDkCttHBa8IJ06dhL1vvYXpRIq4ggu76bXtfZ3sob7LSUocr9rT3wcP3vdZ+NrXvgb33X8/LF+5woL14LeSL+SpXQFEBn5iz4YGsJVD2DaDQ4PESUhuQmLsKMT4BXSrjxPojimvxcGNV1mqT34rHB4hcZAu2zMO6aY66OzpgRd27aJivgCfvvU2WKoAYCLmCpg1vyKpkcz1sdlGGZbfMSLkaG7xTPXtCQsdRTp/8yUrPmzbXMvaEOn8mRbF/EXtY9kqQ48YZIfK4u5oFygzEAr0yaPAjBVqioMBHyd6MODoHR2GN48clOD04ydOQqK2SjJfvQC4WZqDpG4pWDFm9A2+cgKGTNx8oOOzHBMHpxd/gji5AmS4TNjWLdvgm7/fAM3NzUESyqHDh+HkiROwfPlyLg0mLl4Gg9wnL9p24Q7HyHHVDM7oPLz3HXjxV09xsVZwknE5NlNyQ/VP0NXTBe2d7aDgDSxWIJQzUm2FENck6ga6dQxOBN2SkRJxAjkb37Bx8p46xhJLnJCvMzI0ANRafCVh73QqqIlvE3ScV4u8elSlk1KOrbmxERqr6yQOrDZTDTW1NZL1ySLRcU6w4Zi3WFyyn13R8VPHE2NAprNqdVybGlfJ6O/xWEw93hKDQDUGw5ZBoVgQLcccJ/uMj8Mwu0xHFCgcH4GekSHoGxiAkYEhBVoU8OXazDFmDN3AlWkOThKDHKecNS43AAyIQSdg+Oba7YRjAU0IgAaDwvFqNWUTO5l0U1Iyrk7ND8lkZlsqG8bNOXFMMnNJzT+ulfzVr34VHmHtvh07pGRbmEm1oJ1lgb71rW/BsmXL4NVXX52Q9cvHP6COl8eViCfLmb403d0VBTI0HEMacNVgY/LY5iW57XKNjdg2kqbCIJ/twectk4Te7BC88PpuGC6Ow5237oD1S1dArQLzflHbiQXTWULJVwCVDHjm2EdHWHYzBkm48kUQXWwqNpvfXXrUona9t0jkufKxRCLP15nI8zSyDmUXFdoyGtrVx4sDA5Bsluv0ZpEFZZlP8h0tUyscjFpwegb74LVDCjjtfQ1OXDoHlHY4ExKdmCBJrUpmKER237GPkIEFExUimKy64XJugidjLprMYuOlEz0LhSG0Dh4vYlXJpFRt+N2zz8KmTRvozjvvhHRVGjiur0kBIa51+xf/6S/gG1//Bm7bto0YBKoHtrS0BHp0hkXSwIGTP9asxc8//Hm4cOqsAo8nobaVE0piLFCNnqEAXXVMUoaMkFzUcYqoGR4EC8w0OtGxik7Z5asLlVjgIuVIhOLRsFdzMp7nCz8qen0lHwtjOSIFslhcpmnBQmpta8WFCuguVsCluaGZJU+QQV51Kg216lGfqRF2ryqVYhFkPgcEJpsVgyofKBVXArZJg/Kyyo5vIBCVsYml5XyNyJFZJQUGiesLj4yMAJfQGy3mcLSYh+GxURocHYKh4WHsGeinjq4ubO/qhI6OLujP9mO8qhoSHAbgxvjuQm4AJK4PdeJJUIiENMspQ9BAzIYgaiaPXc0MZJHdnJ5EC7jWK+wKMOTZWY5dsCBS2ZXfu/OuO+nb3/kObL/5ZmF15dDVcV26dBE6u7uwbUkbLVq0SGIFpa6ymjvsTmZx6bQuNyexr/39/Rw7yP5+rkcYlI6DKVz0zAqzrravtQUlpIDr9fJvIRGPi+tdSE/UQtwoN1ZMrBKJ8LRoAaqbBe4mHcfO/DC8sP8NGMUiV5vBzYtXUpX60cnNWcyV312BGeBcjgv1QUwdZlLZXYclWHqSAy7MrRch4tQJIUHpOKrcfReJPEciz1F5t8jtG7l9PwpuX3tAU0xgCocqGfFdcY8xu5FVAKTklUyoPycCqCWCS5GppaBPAT+WcnnulV1wvr8DMRGDOIMeR0MKZmSYPSITo8XB6HGuHeu6yK5kNFIUHOPFAfsxBbgUsEDH1dUhuJoBL00lXdkCdY1agJbmhfTsM0/DjTduhhXLVnDsnrBw69evg4d37oTHf/4r+MEPfiD7vO/ee4FB4ObNm4Efa9es1ckiTjnOva65kdZt3Qw3bN0E+08cgSSXPkNdeo1ZGJ3MoT1jRvyYLFul03wZCOtF0jeC1GrQQWk1h2sWKxOwG88RV2VMmEHWaMvni1Qazak1eljs3gRxXL7yBlq1dSWsWr5Cgb0Waqith/rqaqpNZ6Cxtg6aahswrYAIA1fHE5YUfccMBVH65xWdWS6RpCnkdYKOlIcrSa3ikl+Szxk8iYsatRuaS9gJIHNiUhWDXarxZEIYNJ3Mqo+prr5eAJIFBK6ZeDm1r+HREeofHmK9PBocG4XBUQUG+/vocmcHnL14AU4fPwkXRtrlZqImlUaHM6bVvlKpKinRLOGJDI3VPLDz1bG/SYFvplaxOiI+j3G5Uwnms57OaKVqQMrHSRIFo5u4CwNqbBevXIblq1ZyAo+UgTt08CA8/vjjcPDQQdp+03Z44IEHWeqFWFC8qalJXL5kMoW5cX3m3p5espVKJiX6hiX9AskVdrHz+eDf1tDAILUtWwqZmgwee/cIZZQdMjXVJKLf4i6WMiOMZkHLIBpmHiWbg+LKZkO5cdilbrr80QK5O3zYuGoNJeIJYYlNRoz89vLZHIwWFeisrmYXsWbWdXyomcMUBLhOdX0IuYUjt2/k9v1Yu30j5i9i/j5WzF8ozGdyx8EdPVnRNtJMQz6XB64py+W75Ps6CQBIrcec2dvd3wev7X0Lnv3dc9A12A9ubRKSXAMWpUYtcjwaSgycZmssp+TrEgXCgAW1VsnjmDgqeAXLEKJ2AceEluDFmcGduCzVf4lkgpUu4JVdr9C2rdvEvcuSK3U1dXDH7XfAn/9Pfw7/+//5f2BSgclXd70CL770ErJr9P6HHoQdO3bAxk2baNXKldC6hAPmY3D+4gV8/Z29cKmnC+J11YBcLk7DPXRFf80hzkBFgsnMjtF3ARvGiLa6Q7CSGgDILjYGf+QV0cvnYDyfp1wpDy1Vtbhx9Q2wftkKWt66BBe1LILGhnpsqm8kTlhobmjCdColzBKxG9jESRKzg+N5ZZscDGfHoXd8RORAxvM5ZPFoBtcMxMRFayqwMBBn5q6kADZ/zskvnPnKzCWTTlJ3Nx4jiUdUduFkiWQypYBmSkAgZ8AmYnF+jxT4RBbNrk5nqDZRhfXJKqhS4K3KUSCupgGbaxvIjfOkialj95ghxI6ebmbWYGBoUB5XrnTAuQvnhTE+PdAFY8UCnzN2exK7qmPo2jK9Ejyg3aCSgyzMIDNeLrqaidXpzRJjJ4AP9HNfs9XiJUY1n1ii56lnn6FTZ8/A8RMn4JZbbxGx5meeegZ+8I8/kJ/HU08/TYcPHYYvPPoFvP3222GVurlgfUaZFJ7OyOUa1n29vXzS2b0eVgefFiio8cv7I8PD1Lq4Fb/97W9L6b/du3fjEz//OYyNjCgAWKPG6+gkKsOWo86KD26U+LgZcFYlUlAs5unNfW9jwtPM+ZqVqyDBFYFLBEmOwVTTllnNMT8PlHMhw2CZYxRBSuGRC5YZpqu8A2YuI0Xl3SLm7xPC/EUtah/PNlMZJyPyWyx6OtBfgJ/W4tPxQZwPz1U7SnCpqxPePnQAdu3ZDZ29vRBvTEu2L+9AEhCMtAR7mMS1Z2L6rKCurRrBIIXBiHZ5uVpIWFxwni7R5ehxWXetSWEUCQwuoXZELdC7du0SRm/zjTdK/wwEH/zc5+DNN9+EvW+8BbX1WqSXExp+/vN/g5+px9bNW+CuT98FN6rvcBzgm2+/Bb9+/lnoHOiHpmRGZEM4Hg9cze75xZJh/DAo3aWTXcowEI2OHDkmCUbZsiBZuEVhfjyO4eNawhwzWNMAq1cvhTUrVsGyRa2wpHkhtC1YpIBeI1Srxd9Vx2vD8RmTD4+OSAm94eFh6B8YgKGhIRgeGYXRkWGpejE0Pgr9apuB0SHo7+2HgZ4+GO3rgxyMqocGQG5w3jVF6cq9rqs1Dnwt+Kwl4xiqFUS7LlxzhKMlFbyD6toGqGlqYOYP6hvqoVaNtzFTDQsU8K7J1MiDq3Cw/iIn3tTW1opbPp1MwaolS2Hl4jZBE1wLekDdQPT09kDHQB9c6Das4LnzcKW3E0b+f/be+0uO40oXvDezfHvvgIb33pCQ6EACoCdF0clrZlYz7/309k/Yc/bX3X17tLNndt5qn2bmzYiSSIqiJ0URIAACIAjCNhqmgYZpdKO9t9XlMmPj3ojMyqq2AAgaqZKniK7urKzMyIiML+693/clkxCX7U71a1Q3yB7OJI6t6/dMsqfjmgHhRIa5RtDW98f29nNdR0l9ke5tUWExXJPg73//r/8brFqxGmwJqs+fPc/OMFQjSgDxnXffhZNfHIfnXngeHnvscdi2fRuLgzv1gASqB+T5J+RYoXrK2WYaVcdKn4nD0MAgkD/wyz/4ATwvj71YLkJoIULt8+EH78t7OsHjh8lAhmKQOzl4w0CPniPpayKEzYjsbyk4LBdipA/4aGInrF2yDIr8YdC+NXw84uePxaKQko1fYOSz/qSqs9QuNkLbwmWtDHO1frntr2HLgb/c9he/iRlQoWMETxOfcjJIqMlfsTY18LOgs79XTjTH4LPjX0Dv8BAEKotU7T2pypHTADhCwIr4QAWFusyNgR+5gkzK449KwOLdysL5EJFAgiZSFh82OYLItVg+FYlT05SWUyHQlgwm4fChQ0C6f3ULFrhszHXr1sJzzz3H4r8kxFxMvw8C1Phr2Snk6pUrcPZ8I1SUlEEoFIKbXR0QkYCmPJKv0tbyO8myyxBumhfAA/xsrlNM5/nYLUExcpmeTGAvLkHfSDzGKVciIKworYYtG7bLiXk5LJUAaFEFgb4KKM0vBErVsa+uBCYU8ZmgejLZtt0DEhjJV58EpZRGHRodZrBNThT9EnjQ+9HYhHxwGZAXkJN9gMgdJtcbiooC2YyyTTkEqYyWhSOk6CQlbR2hFOCKTFMEza+Kz/j6KTWsRKjVNY9IEDs02A2p3nZNkJDXK4FaKhWHsC8M1bW1EiRVQ2VpGZRJgFhaLNtVgip6X1NWAdXymoslUCSAWCRBIYFBAs3UH3oG+qFDXtuNng641Hodzl1rhoYbzTCYmACUADMvEIJ82T9ClDYXqiaVaympr3h7thY+dn5U1mtc8wd+6qwSNOUFI0xmamtrYxJSRXUlR4/Zg1h+qK6mhoHYP/+3/wafHf4M/sv//F+YGVwkAS+DP9mPe7t72dt6qkTjNBE0W9khUvr/mWeeZjHpFStWct+m6PVg/wBcungRGhsbVXtr72CuFzUVdKexoCSEVPkDtZslLB6bVp4fPj91ituE+sPGZSvkosqvCCNavylFixHZJ+nnQtn25BfMnCt9f0XO8iO35cBfbsttf3lBPzFLMJwmFor4EThLJJMsKcJ1UvQ3YvZKhNA10AtHTx2Hg0eOQM/4MGAkCIbP8Y0VKtfGtX4KKNExLV3vlJITbX9vP0STcdi2ZSunXwm0EcBraWmBk198AadPnYSiwhKI5EfA0FIpDgikxJ5PTnIkQUJohRwMKOrUcvUafPD+B7Bp82Z4aOdDDP7IrWPnzp3yeKfh31/5D47mBIJBnmiLiqner5hBIKW2SVNtYd0CzSimSB9yxMTWJA5L6cyp63GIA6helmPWwQxpm2NqBCiGBgZ4ol9TXgv3bL8P1sqJeMnCelhcswAW1NQyOcPHAEsBlrH4JLT3dUOXBNZdPT3Q09cLPRIE3ezshBsdbXCzowMmIMXSOUgpO82gNUryoMAoBDmF8zkbLm9a5aMFKoasA/wcFxKv5Ipwqj5RZDp56GIvLsIDLUSsOxGBQq4cY6ayigoTW3RSXvv1iQFouz4IeNmC1GQcjEQKyguLYaEE5wsl0Fsor7+6ogoqysqhtqpa/q4GSgskSAyVQnlZKaxevhLGY1EJBOVxJCin1/W2G3DuUpMERg3QBjGokkAyHMlTzhoMmpHvE2NYXYtJp2s6P9sqmkwQivoAk3gkgCRLP+ExlWYXFlWbx9Forp2UGy0UmpubOdpXpFuOJF7Gx8aYYDKXcQZ9N7lvEGD/6Y9/wj7TFHX2+dXxyU+4p7ubXUaoJjCoI91aH1LZ2YGKAjqAm8+TPIltFaHFoI/T+g0XL6iIn7wX65etkiA3pPssl2GwziUtiLgtQnkccQeATHcST/JvPsVTuS23/aWAvxzhY+5zyRE+vkWED/SouUz5MmTyJIMVOUFxnRiTBvwmy0UIBfxEV38ffH76BH56+LDoHyXgF+CUHIMjAgNar00bCiicqS3AqG5wcHCQRZb/9gf/k9i9ezeuX79eLJCAgCa0zs5OcfHhh+GTffvEvr17cWhwSETy89BwagJBkVUZBDJRQ81TNClS+vHIoYPw8cf3cPqM6rNo52XLlomnn3kaLjdfhhPHv5DfVQ90TZROc7x6qY6LhXCpNtGJ9ukIKEuN+ExB4NVSbANhp9vPNUolcWaK1iWTCYxOTopFkWK4f/v9sEGCmNULl8KK2nqor6nDkuISLaQsRCyegC6qeevthu6hAdE5PADNna1wueWauNR8BW8O9oignNjz8vLBHwwKX3UplPi4hV0SA+M2zeA1uLpSu3QIkYFFbD3xZ3YIxb9WlWSGAJ2y1sLKnLpnyRPaVX6voZ1OHPFlQ/uykByJyZxlpecTgKACI8TYCAL4C/JIrA/Gkhae62wVJ69fhsnYBETko3bx4mWwZvVqWLV8OdZVVENtUSnUVVQKisaSf+3yBYtgRV09CRpznWDb5nbRsrMdz165JE5fPAetsu0SYfntIT8TP4jIQdFT0xbo4+w7OlFZrmXzcXBTXrelyA5Bsj+TuyQpraq9lrWNnHDKE+hn8memdmD2r2YG08KBXF7iiYQIhkJa3XnqWEfVP3hsEfB7+smnxE9/+lO45557IRQJ8z5yzOGBAwfFq6++ilcuNgliQ6edPwy9cEoJ52cNCoUjIk6/pzJAWoiY4ZBIJSz44tQpVeQr+/rqpcuITKKi2YpBzWOSSCATBCLDESb2aAdv/UjwXIBwCGE5wscs350jfHzL2yZH+Jj/ueQIH98gwodm8TqsPJwyAWlLL8fv1bEdAwZXAkm/LRqLikQyKTGQJchCyua6Na5rEz0D/Xj09Ek4/MUx6B4YQCOf7Nqcv6vokbC1dyxPVhafA02eNIkODQxi3cIF8MKLL4oXXngB165bSwK8btsUFhdh/aJ6sWDhQiSA+PtXfstODGRP5WryoYokZlnRibCcnIMjAdi/bx9s3riJZTnyCvIhv7AAt27bJkjD70LjOaQJ3xAmT/BC+YW53q5cQC9UNRyBmBRPgySDAWhz2ltJc3DAiHkHAikCya4ZqRQGZHMuq6iC9dtW4aYVq2HNkmWwrHYhVOQVQ8TnZ2kTK5EEAtDXu9qxta+batxEc9sNuNx2Ha+33YQxOy5Csk1CwQDU19WR1ZlwQnfKOU6gQx5x7rvrv8vKeK7nLldOCtTMXHAs85waQt23bG38pq3cHN094FtuMH1WN7vb1oaX1CDcmBlzKbQ8taBaPKZIAwkTc0gShJ/lbpAEtItFKacmu8cG4MaRT+DVj96BqsJyWC+B4Ir6RbhUguUlVbViaXUd1JVVYpEELkuq60R9ZQ1uWbMevrNpK15svSbOSlB/rrkJL7VeFx0TY5jKC0EkENDRT2SijuH1MTNYz5CJSCQebVjIUTtTA1vQYErrtQjuawayNMviZUs5muz3BxRgGx+H3l5K+SbYVtDQMkmOLjmRg0wdlSOy0qAEijsfeEj87Gc/I3s4imzz/gQKSZrold/+Fg/t3Q+l1RXoJ7Yu9T/L1Rvk/kaEIVOLXQttbac1OflemEQMkX9NIbF6A+JMcxOgBMSWvKT1y1dB2PSDINMQBfd50RWNxwRFdgsCXE9JekNTHGQU5cNgSaNsqRf0VA2Aq1I57TMzR/jIET5yhI/cltvuSlpXzBDZczYjPZMLcACbzWnUaCzGsiMU2TJ8PkVUYKRjwuDYKHxx9jR8+vlR6OztARGSk6icVJRVh+a36mgZEx4szUokOzh5zI6ebli7ajWQrtrzL7zgyrJkb+TGQPZa5NJBtU+HDx7kFK7hWKRZNqSF4DyTk7yGguIiONtwBg5+ehDWrl8Hm7dsBkteF5EhWEctGIAM5IPomdw8S1GnwI/9fVHV9TkSKqClMxJyGiah44ERCMmpb+vWrbB13QZYv3wlrJSgb0FVNYR9AWKqAqZsdpK40X4T2jpuQktXO1y4cRWarl2F632dMBY22VEkUlYAFVCoXT/SER5XN1h75zoOed7aLE2lmTpD2pAW8cvuE9msTreyX6TlgDzEAm10MssMiKp2TC89VFmhqilEh2quSwHob9Q2lPIMBEKQl1dADjBw5NoF+HPD51AdKoS19Utgff1yWLNoKYPoJXULoKayGshabbW81wsXLIQtazfCDdmmV1pboOFKExxtbIAm+XNhQaFs0wJ5fIP7cAoy9UtIKJkgkK2i1QwVnZo39Oxo6Ggg9T8idZCN2+jICBDDOS4XS0PDQ3r9ZLh8ZNTROidlS8ftlf1/1Zo18PIPXoaHHnoIiopUzSCVHDTIPvu73/2O7eMqy8pZGN17Dk7/NEwj471zf7wxXlVzCrwo8wX8MC4XG8fONYAh25ki3NSWASK82IqAwnWpVKsZm+SawbxQyPFn1l9ugyMAgLOEU6Z77uS23JZL++bSvrm071eU9nX+h5h+74T+DKUcm2bh0sQmJwsiI0SjUREjsVmKJFC0SE4MKdsir1IYGh+F442nYe+RT0V7d6cEfj7EoF+QZRt4yQ78vSS5q6MRiIIYmAT8Nm3YCL/4xS/EM88+A0uWLuXIBUVGenp6xOXLl+XknwcrV64UxAwNhUNi6fLluGHTJnHk8BFMWbaIkFOIqhtEZzLidDBFL4QifxBwLJMg7+Ann8C6deugSIKEc42NlEKGz44eZX010zBmNsYmSTWfgjekhUeF8ajqDdX8mlLWWVZUttdAL1Qb5eLB7zwI2zZugnUrVokV9YuJzIAkk0LtODI+xkC5RYK+i82X4OzFC9h06TIMpSYgFfQJXzgIkbpKyoxKHO0TAQJ9KaHUs7W9hasRR5lzI/M+21n9xrkbrhSNU74nZuxAwoOFmbTsTODTgMO0RqSYRstO1T465+iEf5yuJ9DTzx2fW+SHrcEOI1Q0SvWkASMIJXn5QiQtaGxvgeMXGqE6r0QsrV8kQfVSWLNshVi9fAUuW7hIlBUUw6KF9bCobqHYumotfGf9JvHw5nvhlAQ7xz8/ge1dHSIp+0QyKI8f8qMpwb9yowHhdxncNte9yfaX52Iql5WscUpdjurvBvoH4MP33+eLe/SxxxgUjY+OcUiO+5VI+7I5WouppKr9rJPAlVK9Tzz5JFTX1Agn8t58+bJ4/bXX4de//jVWlleIcCSCxkxS7HOk71yuhrwPKUpZE8A1AzBmTcDRhpPyGgIQMvxA0VS/6XdZ61QOQLqPY5NRjiHnBcMsZC7Y6cUFslrhMkuzOn1vc2nfXNo3Z++W23Lb1xr90wDAfSo7E7pjLabJF/RIpzo1Bn/xGBeBC8PUhAbBkb3RyXE403QO9h4+CDfaO8AoICFen0r3KqdZJRCLKueHnoAT25LJiWPXI7vgpz/5CTz66KOwsL6e9yXhaCqe/+ijj+Ctt95iG7a/+7u/gwfuu5915YicUVpeDqH8PD5HhzDCdVhuwbtQ6T3HNk1uVHtFUcM/vf8B3GxthdOnT8ORw4egtKQUwhIIGFlRQ+8TgCJ8KRUq4zQ2c17Jei2pdPWAUryxJFRECmDzrmdh69oNsH7FKli5eCmUFhRwmyfkNXf39wGlcptvtsCFlitw8uJ5uNJ1EzASAl8xMXoLVaQOVYTPr0XUWBDasVGAzPuHMD3SE1nLB7TBcQ7OyMWBmMdKFrNyL1kaHwhpMDldJNH2Sqt4FgUOO9olDqATxcw8ALVFiNLtBDpk//IX+iBQkAcDqSR09F+Hj280QNHRInho42bYumodrFqwGFYsWASLqmuhUPaX9StWw6pFS2HrijVw/+bt0HDlEpyQ4PGcXFyMW0kI0mKFxY1VNJcFjFhJxXT7kze/nQGsDIOFrz/79BA0XbjA9oFU/3dV9mEiHSkikk8x07WbC/X/6PiE7JNh+MnPfgrf+/73YcmSJW4E70bLDXj33XfhD2/8gT8blvvNxRiePeqPqlZVF+slyCaOFn1ykTEuFyxHT52EoCHPdcf9sKx2AQNvZYGidH7oOUAEK0qVhxEzXGH4uaEArbswcJ4zOXJwbvtLi/zlav7mPpdczd83WeRZuP/X0RiBjgQL1+TJBz05d8iXYJFfVO4HxKmlGr/xeBTPX7kMnx47CpdbrguzMEyqu0DRMbIgszQL0dCSIBwpAKW1xikly8JFixfDj370I/Hs975H9VKKpSG3a9eu4X/8x3/AL3/5S26b4ZFheHT3HqSidgn+kPQFh4eGcHxkDAJBP5L0Crsq8FxkMJMYOMsllGyuMg/hlBlp5JFTw5EDByG/uAirqmsETdB0XFcvLTu6o/9xfIhNZrJSKFCI1GQc7ck4VJeUis2bN+C9m7bAuuWrRF1FFZYXl5BfqpiYGMPW7k64eOM6XGm7gWcl4LvQ1ATd44PgLymEUHGhcszQDF2yGCNdOSJm+MwAc3JJey1pKBKnF99hGlsLJ5jnOotM78bgZoCFh+QzXZ/BrH4phAs2hcgEQo7zm/fX6fEiOKKHKu3r5o1dYWCP6DU6haki68t9mkFMtZcqcmZwxM3v82MepR/DeSKZSOHHp47Boc8O4cpFy8RaCb43rVmL65evFstr67EmvwhI4Li6rhaWr1mDG7ZsglOXzsORMyflvbkGVsjHNmrg48iXKnc0FFPZWUy4mj7eujYiBBGDvLqKbe1e/93vIRgOQViCTgcRUb+WANYVS08kEjg2Ogx/+5/+M5c6rFyxgqPIdLzuzi547933xGuvvYbDw8NQXlHBtYXzeN7O+J6qNrXSENvAUbw6JX9BtohmJIxDoxNw6MTnEAoFaUyxpmSAmMxy8HBtIxG+7ASPPToVShMb2mta15rmRJ5nf77nav6+5W2TS/vO/1xyad9vEdvX8SUzdJ0QM3snoxAj43eaA01DRaP8PjFpJZh1uu/Qp3C++RJgQQhEwEceHMreTShaKfmFmix6Z7PEBNuRKiYu20+RDAWlcunlAFGaK2MScLa0tLjXvWvXLli3fr0IhcPMYuzu6sJTJ0+JsdiE3BnEgASHhYEQBOUkRiCQC/lNU7Ach64dtLUcCx0/GEYor63m1JtTP5WIx4WhivlnQELs18suHBSFi0vAF+vvh5pIqbjn3u/CPZu2wsY1awXZrZFGHSFOcs240nINGpsuiDNXL8Hnly/gidbLImD4oDSvEIoKqhnsuQ4nXP9mg4/wdSCgIzYqo2bL/eKmTrsrrW0GJyxjLLSWtEgH1kzFYBWeyBu7rgDO0i8zR6nwmLUK4ZGwMab2ROGJHnqZxO73G461STraLJT2o96fSgJpjQAqx6zZ006EEm1LQEAoNq6h3Y7pwwSQFWQiXcegCBaVoJ1viRuj/XDqYAt8dPaY2LJyHdyzYq24d8ka2LB8FVTUVOLipYtFZV0V6+htXrsBT507C0dPnoDmq5dFKj8MwbyIiiTTgsVlzNrOtU8Zs8QqN9DP+1I/JdIQRcuJ0ERjR0fU2f0jGp2AnsEB8eOXfyAXPz9kC0LlqAGUPhYU8f7Xf/tXaLrQJGoW1rJ/MBOHbHFHqU1aA0kgJ1Db9FFrs+MJ3YKgDwYmx+HQqS/Yy/jhHffBgrJKwIQcN/KDfmbA20I+D9g5hETU/TpKCYaRTu9matrk2L65tO9fTNrX/F9++p//1ywUmv2abjVyq/vALJ+ZzzGnO85MIHWmz8Mcx53rXHCG4811zjiPtpvt2HAL34G3cA/m0zZwC9853/1hnvcZZon8uhxQ9H42TYtlPyy2TJPTfDwRRwn8MBaPsYUaEs2TohZyAoylktjS3gYfHzqApxoaUOQFEaleymeQdyzTB5SmrkFm8WgSadZSASoH6GhhZuzv70fSQiOWZHV1Ffop6iK3UDiE+fn5NGGyddbf/M3fwKaNm5AmSLKFI5288vJyvGf7dli1ciXWVdegnHCxr70T+sdHYUxOrsmJcQyH89CRw9C1SegUwLM1md+npGFUjSAi4oxjlKKZqWQK7UQSE6PjWJry487t34UXn/4ePvvIY3j/5m2wrK4eQ/4gjspzaLp2BQ8e+xzf++RjeHfvR3jo1AkkHb7S/EIMBwJkgYaBgF9LK5NbnE+JDFvKnswkawZKD1JaWfFzFTuaEnE2R8JQAz9udCMdDUQVtmIQxfeE74uRkXp1yjDB88KsonxXL0eo47kv8HzG81mHNozuu/RP6ty0yKCt/yqcvucwgQnCqetCAq/8kt2Pon4mMVtJrQVN9BnK0s1WKX5i7aJPAXv2dpZtiSFfAApCYXJNQdIAbLp8Gds62rF7qB/HkzGS6MGivAKsKSnDJZW1LLezrLoOyvOLMDk8jmPDw5ASSuKFGd0gvGSHKeNQVbMKLTVEtYomcjTXZNaTYt4SkziVws6+Xnhyz6P49//wD3j/Aw+gZrUjkUUO7N+P/9+vfoUnThyHyqoqqq/jBQ1oy8NbeEZkvKcxLJQ8DUFQVCaIbviVBj/KBQeOTU5gT28fFuTnY0VxGUZkO4bQZMYzX59QaWuOHuo2dwYOnaNbWwruvQXw9o/5zzs4j+cvznOunc/7WznmfJ67MMc8PJ/v/LLaBr/GtsG/lLbB+Acn5nK0mc9KBOYZnbud/W71MzhHxAnnSBnP9xxuJ/I317ndSdvcyfZlt82t7IMzpNXFbPsjuKnAtAsFegNbLA8B8XiCa+6i8aiupTMUaPCZEJfvr7W3woHPDsP+Q4chFZEP/3AQknISkLCIo2u6VEo4wrmGAjMc4ZL7kBwFT/M0cZMvMDk2/O3P/wbkRAj37rhX+aPKjYBhc3OzoPq+tWvXMqs3HVqyMZFIirHRUezr7RWUGiM7s+GREZpABU2iXV3dcPH8ebh27Rr51IJfAlSSPqOIHE3OZBlHDaJqAl1P1KlLP8WxEMTeTUZjEBE+WLlsOdy/dTvs2LiFxZnLCoo4ujk6Ps4EjoZL5+HzhlNw6sxZFrr2lRaAL0CREh+BOvacVeE5LSMjwEnrpbWV7TSDVkukaFYx1+4xATUdnsuspfNwOISH1ONGAufqZ9MxN8X04Q2cJj0+dTb0ipykyw5cYohOB/Ml4jRxAlSgnc/e1HVrKeG4iiCoiK1ys2CFHnkUTv3bSl6I2jtmJWE0PsnuL2vrFuMDm7eLB7bcA+uXrICqolIMBQJMaiLS0ummc3D49Ak43ngGusaGwMiPoM/vF0w+cVngWeeITr7aDYQqmRNNouLzoFKKiQnYtGUL/OLv/54t4UrLy/g4pKl36NAh+NWvfgV/fOtNqKmsYp1JBdbZupdT57fznNMhdZVv5/CfEvLmc9M3wqnfEykLEiMTsGHRMnjqwUdgx7qNUJVfzPaFVNlno/J4IzvFSCQPInKhRoQk8LKMp6n5c+0Ov/zn9a3Ot1/FvHC35+yv41h/9W0z35q/+eaVb2WfW9kPvqTvx3kc41by/rdTuzbfz+DX0JnvpG3uZB+co59h1s6oXA3Q1dyzlE6dK9NA2IBYfdGJSXbx0MpsyrlDvhLy7c2hPjh6/gwcOXUcJswkBP15Kp1K+mLa7UIRPShSZXKRPpXR0aRBqViarJkEYpjgk0CI/FzJ1utP774PxUVFEA6FYOu2rTyZl5WWwb333INOyi3jYuSxgqEgBkMVUF5ZgewiwU4hFkcVxyUoPHnyFPT29TL4cyZfw3ZQlkptUyrRCBjKS1hHAB1/XgcM0vGSiST6+sdgdXU93PedHfCde3fA8mXLoKKsDEKBIAyPjcO1G9eh4fw5OHOuERpONcBwfAKgOCInyBK2ZPOT/ZzFx+OIEIPvlO2EXZVMDShiQzqDq+RPwFayOoaNXpkWdIg60zFwNbJCjzlFtv7hdIMVvanZDEbwzB9EkZ7wM04Fp3kSZNcJegsYVeGBe32Z91zvZHEtpyK/mJzSF2kHC6onVbqMKmKtLekoxhU0A1Ac8DNB50ZHO/RcbcOzpxtgx5atCsSvWAlVldVIAuDF5aVQX78INq5ZB0c//xzOnjgF0VACsSgMGPSzNIzloc0bGovT91F6lJZRluXsoUTN5YkJqnOlutOHdu6EBx96CEorypS9ofxvMjYJ11taYO++felFjhKRVrjK1hqO86trm2YRw/hMKO1t9OTq05WaqJn+kfwwXO9shf3Hj0A4LwxbVq8V+f4g+iyDx5B8TmDCJo3NBDuIGEETFVNejTMO8jpi08IGnP7s8FbO/w6exfM99u2ew1x1ZHc6Z39ZbQO5trmztnHSvnN9WMyjQ87387eaP8d55vZnK7a8lZuPt3H9cAcdbq6C06+K8DHd72+loBRu8Rznc77TrrBcEgDDP3LjIJc1+RCnqd5kEQhOV8XIzmxyEpLJlAo8kW2aISctvw/7J8fg09PHxN5jh7FvYkQE8yMIjraYRFEqlQQQMFRyTMm5COVHa7rCbgzcNJRjGOYP+AVFAFuuXeeJceHCelFeUa6cQJStlKBI5I3WVrxx86aglDRJbzjMQv5XW7xRfR9FJLp7euDAwQP46cFPYWRkWNX+0WeERn0OM5EL8FUimNO+2nqEWslKWSIpQXAiHscw+MSuHffhT5/9Pjy1czdsWLsOSkpLIGGnRPON67jv88Pw/oG94sODn+C5K5dg3BTCV5yHhgQKclYUKqqnWcIGprVNHMYkpCMv6ZQrpgk5FJZVGoxCOCldbY2cRUDAjDy//tnQL8xKx6UP4/YTkdaE0RFjtywg4/PCcxxv4Cj9cZyB/DHdz1kH1inr9AszXqgPnsac6sszCMzsSqPaGjkWSGUIGhwGJWA3IgHo7OmEs42noKW7G3pGBiEhPx0pzMfi4hKoqaoWyxYughUL66GspAzHegdFS9c1SAqqe5VLGb/Jckakam3rVKgPFMuIyBEqFol8v2x9U6jUgc6vvLJSLFm6BKurqtyaVB4nsjuGwyG8fL4J+ocGRF4kIvu6mb7FeNuTorednf7jUoJ4KDgZeyIz6cVJR1cnxNESJVUVUFpaCqRM6VMFBsJZrFAQkUB4MBhSawdLC00q9Wy5o+YG4byeW7f7nL0TwDATmeB2CR8z/e5WSA1/SW2D82ivb0XbzBf8fRmRobvxt/mc35fFOL1T8Hcnx8bbaJf5fOZWI734JV3vHUVE0wxQ5cMrgZ+akAyXiYsEwKJj427aKkkxFr+PZTVGY1E81XQOPji4H1q7O6hGiZip7mzEhfDpyh8VIpeTFkXjHBar8sHNuHH8I6VdSXB2ZHAIb7bdZLZhTU0tlpQUK5s2wfZW8MUXx/A3r7wCDQ0NeOVyM7S23IC2G63Q29kFo6Oj5KTAoPXSpUvw+h/+AP/yb/+K7W3tEI6E2ZlCG1O5tW/6XxcsGDo6alJoKWVBciwKYngc1q5Yhc8+/gR877EnccfW7XISLGOB6zYJHI6ePgHvfPwRvvXh+3D+6hVIBGQr5IfADAclCvZhylARIkE1asSC1sBvHi+c5T3Osj/e5vFv5ztn+t47+fmutQ3zTUgy0JErkveCSB0QDkFbdyc0nmmAm309MBGPyUWIIm0QM7ymtg7qFtRhWXWF7Jt5MNjTByNDQ+yywTVvAtEB1xxTTkdOqdZSLbQ08qYCA3KlOX3yNIxOjGN+QT7Xu4ZCIQaB5eXlUL+wHislKOxs74C+7h70MfNY6+nhLT0PvCo9Xp6yC8O8Y9FJ0dJ4dMoN6FJ6+/uYJV9ZUg7FkXxeupHOJ41N7YTDUb8AudToBwCmhdJRnTeigNkkJef93MQv6Vl5K5mUO8nK4W1+519S29zO+X4j28YL/u4E+OEdpDrv5JjzIRvcSsf+NgA/hK8e+OFtdLI7BX4zF6qCq7JPheto66gaR74k8CPgFI9OAkW6VC2acuiwScsvNomNl5vg40P74WprCwYksCHgx9Zljq0aBy4MpZFmKcsvlnPRaSSud7JsJ1o3pWCXImP+QBAG+/oo9cXgsq6uDoolAKQPUdE82cs1Nzfj//3L/wv27t0Lb739Fpw69BlcbLoIjefOy9c5Em2GvZ/swz/88Q0cGhxgFjFJgSgii40qioSKAIHpyVABP8FuG6TXZyRsqC0tx0d2PoLPPPYE7LrvQSSJEAqDdQz0wumL5+HDg5+ABH34+bGjkAyaECjKR9KJY0Dt9xE1mIGfRSlwI7O+ag5gg3O8n2l/nCdwmu74OMd7mOf33k3gd2dtA0qyRUkWEfgzFNNa9tOABID+vJBcfLTixQsXYWB0GIj4IDsPhvIjWFhSJPtjLS5aUI/lpWWYkuNlbGiEoloU4mYh6oDpd2r++HttTDOsLW2xQkstikxTnz72xTH2/iXgV1lZyULmRO4gMEgpZ7n4wTESAr95kwEZuerM8oS4pQncAwYVWUUlz7n0gZ4LBkfuBbGnSY8Qe7q65ZomglVl5Vx7S9dFY1Jo+z6hnEqQFnzMInYLDJknho4W4DznkW8TuJkvEW++5MC/xLaBv5S28YI/MY+07e2kb78tad/57H8nOflvc9r3dtK4dzXtq3ZAVS1loGLekt6YBFWxyUk5oSVVFE++SFNO+A2I2xZc62gV+44cwjMNDWDkBYQv4Gf1Eapdc0zjtXMB6+qZJMDr8zvRwLTgcto9Y2q4Xu5HEx9ppV1tvSEGBwaxpLQUFi5cQJOiMFUNINZUV7NW2smTJznFlhiPQteNNjhz7gwcPvY5HDh4EM6cOSNIzDkcDCOdh5xsvSX46OrMedKWHPGTiJjYpGH5meVLlsHju/aIxx/eDVvWbcDKklIRlW10ueU66xpSpO/An/fBSGJC+CXoQ7Lc8hsUAqHZTqdj05K3qJOmXveKGV5ihrSs9z3Omn69veN7jzHde5zlOGKG87vVn+9y26jok6UXLKp0ADh6RfsFAn5BgsuT8RjeaL4OV1uuid7BQaDoXX5BAZYUFouqcgnMyEauphbNQEAMDPRTfSwaGj5pCrXjpMF6mM4iw2TWkI2cEjYNKkXASxJodnR3QSAYZABYWFhIckNYRPZ0CxcKOQZwbGIC2gkA6mjbPJ8H0773thFk3WtTk1mcmlyHfUTag2NjYzAxMg75eflYpgAg+3GzzzFdtiWUk4k8QT+XWJhp1xYmkgl0zU2++vTdV63z921KbX7VOn/f6rbJRf5ykb9vXeTPedIrIT+qbVNALJlMUroX47FJdhzg9JihvD8tORlQlOvgF0fx8xMnIG7Y5AGKTo0Qpakonaof6nxMob0+aUIlMVhV526omjwtCOs9L+ERnHGiiOFQCJuvXoHR4RF23li8eDGSzhl9X1VlFVZVVTKDuKnhjJwsi6Ggohzy8guguLCQLdxooqZaKY5gqIgDy2ugQ/VwSgWFU+ekox/y1MKBIKfeltQv5vRbUALdvp5euNjUhMck4PzzwU/gkwMHoPlKMwTKCiGYn0fyGCqFDGyhoIgkQvGolcOIAoEGiwR7rO6mf6F+zfZ+pv1xjmPPdnyc4z3M83vv5Oe71zb63puobNaY3MMpTtVHDM2CIOBFCxAj6INoTIL9s+fxZk8XDo0Mw0B/P/b19uHw6AiSO0bcSmJUAkXSwUzJ9x5faUTwlHLqlDDVAJp6MSQBlexbAU4tN11qgqtXrnDal4TOqbaOxkp+QT4WFRZBb08PnDp1SvkM+8w7iuCg8IBjzCgN1fWnyuuYVoBcKsEELUAJ9nBYLsio9rZMjg/5oigfR+wVZ8QGhwftk+PO7zNZOkYv/NTYhhmrFnORv1zk71vRNr55RIJykb9c5O8bF/nTNTcCdSE2ETwS8YSIx2KQSlqsY8b/Ua2eBH7D0XE4c/EcfH7qhBhPxcmvl+qkFFuQ+Afy4W6llF0VkRoMLnxHZgpTGogmsOGhYSgsLoZgKMD1eMp5Ax1NiIx+59QHhcNhUVlahocOH2L2b35evnj4kYehoKgQ5eQnNm3ciD/60Y8hFU/CJx/8iYgZ4JPnRucf9PucGnOVYFWMSZYP8RlaSs7W5El0deqEZkWgZSJM2im41nmT6sCEj9LYiSSODY+Kgf5BHBkfAV9BBApqyjm9S7QY0k0zfKyDxj9rPgnJEmuehyEU0UTfjNmFosQMUYT5uNfMZ6yJOaIUM72fq6/Nj9hx5yvx22obisAR2YIQCqVoWfSaShFAgUDqO5aVIllECEmgI28mhcJERPa/5pZrcPXyFaypqRZFBUXgp3FAN9tviLjse5YPMWUqVrzjbeyOO+1sok+Ho25aG48dNwJ+kyOJN65dh3/8x3+k2lXx4gsv4saNG3mflpbrePXqVRZcJ9btlxLBEQ6VRxO6NUjlcg29UCPWPLH1qV8LvV8gPwJXbtzAQye+oDEtVixaoktJlE66fJ4IIkfFDXbYEVQnqJsjTTYRma6CuchfLvL3bWqbnLdvbvv2bo78gvyPhJIJqCUTSdXLSVKCHuJy4huZHAeq8/vsxHHoHx1heQv0adaukltT6VxQYq+oxGNZT4/qoXbt2cPafCdPn4aDBw5C2A5LYBZMewjPNNp0hKCgoIAJIx/v/RgioTAEJKh74KGHIK8gH4LhMGzfth16u7rhyqXL0NJyg5Ad6JlVOdhrjTwCpmz95lMyK8KjQGvoFLdTI2YJmsDiMD6SAGugD1JWEshijQBB0PSDGTIglFeq9OREmgbryOY4l6WkWhRr0vVEs/W/iIB3Gg/Pbbe1jGT0bSs4YjiqKbrf2hrs0O9iVkJRWB0/4aJCjhT2To5C5+Qw18NaWiSFGOZomO4YcJY2JqQ17lB4ZzwV3eYaOVBC49RPqqqrYWhgCP7l1//CC6YXXniBPYHffOMN+NN7H7BfNu17x8NfpHV47CkxkTR9mq4rPcb1JsdYyo9wqvEsVFRWQEF+PtSUlmuxZyVVRI4mFAmlFHWYgCR7JavxZTjzuch1x9z27dxy9m7zP5ecvdvXYe8m0qJsHrofa+8LnZRKJVNUw0YyJu6nkUwTfBzNghtdHfDJZ4egubWFgZ9NET/T0IEDNSNYNivFKtsr+at4LC4Ge3rgoT278Wc//7nYvHkz3LNjBxM3PvzwQwaFZiDgOmw41mpKEkaZSbC7hckpYhGORLC8pFS88947QDVQwVBIEAD0+X1ibGICBwYGONJAUjEUYSPnAdbQQ5/SFOSz4oQrTzyWEofmyR4MDd58BtdAWhwFUifGnyIMSYAv4GcgGScZD6SVn0iDOMM1xhW2KnhXiiyGMjNQGS+RRrUKEJI/sJhHmkHc4lgS84zkzbdfAszPNmm+z5LZrmk+dkt33DZORM5OWpyiJ3tBAUqbktw5VERcQNKyuD/5JHBJWkpimRY+rI0sO47FUWKTUUyC7rlN+5uAWpiQqt1sodm/nhpAoewFBREiLGV3KFATK6h2rryyHEbHxuDV3/9edHZ0MLGi4eQpHmNU9gB3amFmKXYG2R460jQqCsl/EqBT0mosKhceh2VMByKJZ7JwnIgn8LOTX0BpSQk8uPUeKAnnc7UDL3rk4ElSyUcsTnUhEPb5hONl7CScnW+BnL1bzt7tW9Y2vlkuZLqH1Zct3vxNEnm+nfz5X4vIM97l+zNjXYS2Yk1XH6mHLzpRKgIqCYr6xWIQS8QV+1A+t+O2xSzg7sEBONHYAI3nL0AqyJpm/Li2uGZNO2IYCjDx5KVr/AZ6emH1urXw4ksvUZQOC4sK2ZCeapu6urrg6NGj4FfED2TP0zQBRKXedE0TAUIuwpf/5uXnc3r6zx/8CfIiEaqDAio4f/fNt+GN37+KHa03wU96g6CifirmRi4eKs/KmmQpikZEISEnJAaqqOT+4nYSkgZN//IXfpOL3GPyey0N2Ay0VYRIvvcRVpAfNB03DZ7HtECzziE73miIGjAITLubeYWT8UuRabrTfvNVP1/m+7m71jaGlSmETbcsZdqu8aHtJECFSgQjoKterW6xoZi7AG4u17YVkqffU4kAWcyRCDISa1a+D0hY6GPFJJOjdxbV7Onwt6O7aDpamRTxzs/nFO+RQ4c4+kgyRRH5O0Ptc9t11CzzpMebnSLLOuTvpVSvzZY8hrLKA8XSB62dmTYt0Xqdfvk8wAC09/XgkePHoLSwCLat2SCvL8glIFzPSCLQ5KQiv4NcdYil7NQCZ6178Ct6FsPXNC98HWPqbh/rr7ptfPNAvDl7t1s7DkDO3u1W9pnW3s0RU9BiewI9wM/WtAyCJTS5xCTws2z1W9I7sw1ECf3E8MQ4nL7QCMfPnAYrYKq0jRPlcq3PnBIenUKWkwb5oFbVVsMLEvg9smsXAT8+LwJuE2QVJ19U0C4UI1g4wraWPqZbEO4RPaZf+X1+QSngidEx2Lt3HySSSSaBfPTBh9h+tUXklxSh3+9jMV+eorjuUEUmHd9SSvtWV9dCSUEh+cOSD6yy3ALt0uBM746jhXAjNvyvqUgDgib4pJFhiTd15hGZlmaGZ42ptOaysoBfT7/5qp8v8/0cwl1qGwZZjgmxrnGzdRGec1/Aa62XbeCrgsHCtD33VH+JUFp+TJSyQbFlQQFBZIZvMsWLkLj8a/vwAAxFx5TQueER99ZjgAAa2RsG/AE+uq4PvJ05ZZoQhsr1slOMpmfYwoKkbUlAqL7fr+r00hJOunSCf+fIehJZJS8irrXegKMnjkNFaRmuql8sDMaU8hgUJZWgMk7yUfI5E5aLNhWJt7yhsZy925c/pu72sf7q22a+9m5zocu5bM/mOvatED5mAlizecPCHD/P51wQ7szeba5i85nO76sifOA82/hWOuFtCWm7hA6RnjAciRUVxWKLA0hZtohSxC8aRfLw9AUCgqJ9NHml5B7XbrbC0ZMnoUdOUpzuVewEoWjCXNsjMaCFOjzGKVyqGxydGBc/+tnP8Olnn4VFixfzKSXjSZJdgbfefAv279sPxSVFDAZ5giOf3jQfUvi04Tz9XQJDJpNoQIhyIhQiP5+8e/H1118XmBIYygtDYVU56nQvW8kp71RIC+LK46XiCbLsEg/ddz9sXbsB8tAHaGmxaZa2UFIUtopaIEduhJJkMYj74gFwKYmFY6aa6B2gl9UnhJH25PCWN+qyeNex7FaeGbMVNU83fm+VoS5us1/Otoibz88znfNdaRsEL/HC3dkNyjp1adnH8zIT/LZ6GeoD6PyfjkMLAxL0ZlFnphsBL3ZIOkikUnLBYULH8ID48NhhbGi+SICKY/GW9ib21MGyLBDX1jr9ZioWnS/Jzcv0JyUW5Q/sM5XkjZUSROyYHJ+AYCSPGPUQnZhgxrzz7Agwo98QllC2jEIzlqmmzzYtaGq+BAtqauTCqgirikuFxdUjXGbBpRDRySjRuNi1hOOOQszkGDHb8xvm6E931Dbw5RM+ZgOns/X/u9028DW1Dc7jGfOtaJtczd/8zyVX8/cV1fyJDLmGdCTBAYOEpZJkKq/r/LgGx1TMPqJ7pMjKqbdHHD11AppbrnM6lJi5nA5yatlQSbl4avWo5g6G+vrhqWeehZdeflmsXbeWavL4fK/L47z19tvwr//j3zjqQNp7kXCYXTeC4SAUFhWxOTyRROjcqAbLmR+UJq/EeakUf5c/4AdfMCBIjJd+F/D5uXiIACMxjT2m8i4YNmiuStmQH44AMRO/u3kbFJlBMFKqXN9UWoTCMcclvGxoROCVDHGigZbEl0mfSvF5OMsZ9ww9gMGJ8Dll7jbOK7o1V7+baSzlav5maRuHhYueAK+2yksDck92PjuKyyQOW73QzvxOBlaGjqBrYW+9MpIrIIv7IY2dS11tcPLKRe6rnGKlhZQgz2t06+rstBbelPGNd1jXxjaDBPpSlqAF2+DgAEStFOza+Qg8/czTgjICv//d7+FGSwsUl5aosgx0ItiONSHHMpEie0RAGZ2MwrHjJ6CmoloUbdsOEbmYTCZSfO1++eFYMiEgGiXyiggGA5zKFmkAmKv5m/88mav5+4bV/OUif7nI3zci8ue+cYAfPWRt2wWD9CM93CejUS7IJqFkKjxPUZRCgpmR8XE42diAn59Sen6WoeiwSv8MWbyVJyy0CbChBn440NsD99x3P/zsZz8TO3bsQAJ4tHV1duIHH7wP7773Lk+FWzZvgR/+8IfkWgBHDh+B995+F2KxOGv30fEp9RQK+DlqRpMT65EpzTyKBip5QtNkqRfU+TLLtkh/jGsILadeyVApJ6U7hqz1B/J4wIQNeTwJ/EaGRmBcTlqm3wdWMoU2qmJ0PdUp4CgyIz8M/rhGTEV3vMWVGZGirD4osiJ/dzO6lYv8zRL50xIj3rMW6NGazDyIo4knvODPWwoASheS+4etLQNT7JVNv2QfYa41lb0TKoqLMRLOUxwj2Z/J3o0Cf6bhY1s09vwVwoPz7l50KyXHAkXjBgf6obiwRPz8hy/Dc889Bzvu3YEjo8NcnvHL/+P/hPGxcSgpLlKseVuROVIiXeLKkUP5B6rR7WjvhGOnTmBleZlYs3QFu3ykkjFhmn4urk1KABiLx1hEmhahmIv85SJ/uchfLvKXi/zdWeQPvVpm4KnV0SqzPAkBOZaRnl8cUhT1kkCJ2LuGtreKxiag6doVONFwWgyPj4GvOE958RJsk6DMx2r/Sq6LIwcSjBHAmhgbF+skqHv55Zdh586dEMnP45AHieEe+GS/eOU3r5AdG7kWwDPPPgMv/+BlMofHNWvWsJDy+++9LyaiE2xvRcdNJZI8aXJUQbEi3dpFW2g2LjIo5TS0z+/niUROphxLoKJ4W2ijVQud0KeSeLFVYfvgxCgcbzgJjRfOQ1KkeBJWNY+gq9pxxhvgTVpl3ZDM+4eZv7c9KUTMRf5uL/KHdx75A0diPA3whOfT042pDBVZuo+6n6iSAEUaV5E/ULWgrB0pFFkEkhbUllXCw9+5T6xavoKjgg6jnBY2VHtKmjCUUiWCk3KGwbsS3WLh8VRKRKOTMDA0ILZvvwe+9/3vw5NPPQlr166DQDAgikqK4IknnoTr167Bu394A+Ihqj0M8oKKo/6pJLOCDRqXJO8CPvmP7O75Abh44aKoKC2F4oIisaCyWpE89GOJAGRsMiZ8rOEZ0o8qkYv85SJ/uchfLvKXi/zdVuQPPd7sAsAjK+KkeThyR3VFiUSCnQjoSUzRNspeJQRFywzR1ddHwA9aWtswkBcGW4NHtqxSpBBKT/GKXtWvp6igR5RWlOPjTzwBjz7+OFRWVzk8WBgcHISzjY145mwDn8ePf/JjeP7552HxosUM0LZv3w7d3d3w2WefkVyLpiIDjA70o19OOHl5+UL7hqo/CRV54AgLcpCFVTkY+NGkqXLSCmRxmpv4vrZy2SCtNtTpLvm/0cQknG+9Cq+9+Rr0Q5QmMDT8YWGZAhJyj5i8xoQ5LZCDoAUYkV/nS2XcELe2jyRcHNKvJt8oIrC2+GKhaUodWt+syN8sivBT+iXOsTAV39DIH5+XoWrzhEOztbQ6izH1+DrN66aJue8EARIB/dmUXHzIv4cVg5h9fJWvrQHJWExgUsCIFYNnNn0HVqxZhfWwjMorhJX2wpU/W3KEmQpUgoqye68BM3++7egWO+4kU6K3uxuDpl+89NLL+OTTT8ODDz0o6hctUuxeelzI58L6DevlQu1ZaLtxA843nAVfWSnX77HoM0sY0Xi0FWHF1EDX74NoMo6nGxvFwoULsUgu9gpDEWHHOcJJVbaCHHbYPjIUFI4riMjqg2Ka+5jVAYXIRf5ykb9vQOQvt+W2r3RDz4gQ2Sa5ztNTR/u4To8f1QbEk0kYj8Uhzt69StaB6v2Ez4T+sWE41XwOTl9qhJiczUjXzqbSO67BQ0eDBdyiOP0dKfn3vGAQKsrLKZqXcZ4kALtrz24YpDTSZAxefvkHclLZ4MhVQG9vHzQ2NkJvdw8MjgzBnq274KmnnoKOjnZ4649vwkBPH0vEeG3gqYScHRksAUHTx+lbp6iefIiJmMITqKbT8jmiAoIcZSESR0qolB1dR0kR+Ix88nMFvkzKFMv9SeDa8kT/DJGJ8Nxoj5ja9sIzWxszLTfF7PT1W9UwEN6ZEz2hrRmOZ6PXWw9cuznI+pxA1wElA3kYc9CVnc/NGQPJCKd6EKjIFAEX4tbHx2ztJDyoyuuzPN0FCU8IkB76ZY71IaTrQZ32c/6l6HIoHFFh5MEh0sVT5RMs/cOBPvDTmJQLL4r4sW6gofockzxsoSwBhZJkUQLKhmLFe0Skp0Ptbo2vqXx56TNUDkFp5q7eHqguq4C//0//AN977jmg6HuBBGnZDUbyTA8++CC03bzJ4umkCkAuO9xeRP5weC6oyWQ07uiiIj7oGuqD441noLqmGtYtWwEBH2ttAvn+WskEJOR1RCd9XPvrc2zqhKeaUTkAZ9fTZozBnDh6bvs6txz4y21fHwDUz0orCwSiG38yWHtMOZshsXthgmr9OK2k/GUpxWTLCSKaSsKlmy1w7NwZ6J8cAzMc4qiI6ZRG2cIrUcIPckf81rJS7L176NNPobSsDHZLsFdbV8egq6ikBB7a+RDULqiD8fEJdvrwa2mXzo5OeO/dd+G//7//HXoGemH7ps3w8ksvwQsvvsgRw4ULFsIbb7wB7a1twPZQemJgL1ZT6fgR8DN1xCZF+oPkVkIEDkNpBFLaWBnrGhIA2jzJUlE9MTVJc43STxj280xC2ms+eYH0e65jMtOuH26dF6QZvt4okZhu7SoygYgXWHjIBXOGduczxwnPhOhNpE0XRnbcTAzdTRzAAiKTvOKdYN377oAlcJmumZI2WWDJC5rmDIuIzP2n7HiL4C97kZQNfL0MHCOrDaaA2KxrQSX7Azqam16Y2Or3qL+D+4rsl1TOQNFAJEAn+6Sf5caVpqChU7wp22KWMHlpJ7UOnuqZyP2ZSjRoH/Qp9xG1EJulDRzRdOr78rPkFjIWHYdHd+2BF156Efbs3gNLli5xPYIpJdvV1SnH6TjULVgAeXl5/O+uXbvgUlMTvPabV8BXVekZi66suWoX09GXkgA1ZMCF682woKkOyuWCsK64jIKEEsTarP2XICehaIzFnw1V66tlccCD+MWsgD5nDpLbvgngL1fzN/e55Gr+7kLNn5iB7WtooCQkMDNMZauUiMcgHpvkNJNynlD2Zyn52G3v7oTjZ05Ca8dNfiCTl6kT1pnmotIZZipWp9SxSIq9H34IbW1t0NnZCU8//bRYtXo11Q9hOBQW69etYxFZSivRI36gvw/2fbIPf/vKKwz86mvqxLPPPQd7HnsMyuUEU15RSQXx0NPTA3/oeJ0tedkSg0mGpi7Ho2uk5Bln5kRKWDSTsiSLL2lLECeQ9k1xBEqIOIE/VJOp4QFzanIXjl9HmuUpvNHG9GTvNC1Ml3sQ6dox9FTtQ6ZUiNIexHTgDKfH9g5gFFk5MYGZVWroYHSRSU4RnkmTv8vwfMJLVBFZkeTsjmhntY3tiXSKqROzyORSTP29AIdNPeVvGWMqO3rpwbcZfR6njgGnnVXbeNxsnSCjR8vR1fXz1GK6Ms/6XimshekIlClcEOnl5QonYumAbNs9llB3hhZjHI0GEUslOPoXkEdLsXuMBXGKAhpKm1KOGeEnX12gWl05bv28qCFZGKGGA077TCFJFgJ+llzcJeSrr7dXVFRUwk9++hP43ve+B/fu2CHKK8rd8yXm/+VLl+Djjz8GcsuhfXZ8ZwcDvVWrVskF3R44cvgwSSyRJJRzY7yEDQ9CQ2HKz01MRsWpM2egvroOSjbmy0WXX5CntuFTI4ksE5OJhJCLQSJ7CQeAatu7jOegd3E1HbMecjV/85nPczV/X2Lb5CJ/ue3r2cTUR0xGCk6nZZVdFUJCgkB6wMuHrWbnKTYiBnwwFh2Di1ea4dTpM0B1c75gwMU+Mz7BnNU+KAYxMW2Lyyug6dx5+K83WqG9ox1eeuklmmQgEonwDMzMPxKRled06dJlsq6CYyeO81GeePopeOrpp2HxksX8nqOJY2PQ398PRASRIBL8pAfoTAWU+bKESvXKcyFrLWEaKkoiQaYvkYKqghJOZw8lYjBhxSEmjyk06cWLKuZTqDNdBALF1HTbFHovTp9K9KZap0Mw0wHL7M/OeG5uxSVkpE7RA9sNkZX2ne1p643ieS4wuwhNzPH4z26bmQoSjVlmgWkFtGHm+wCedhaeSCwDNw+Yx2na23t/nWinU2hmzDC941zTmv4bResThnr5aVEkFyvFBQUg/AZ0jg5C1KTUqp8WVZwOpkpV09B2jFoexjSM2R8RckxMjE/AwOgwbN+6DX7wwx/C43JxtXLVSgiFw+5+AwP9cOzo5/Due+/Bv/361xw5D8u/L1y4EOoX1UNBYQGnhrds3Qp7//wx+39TxN+Y5fvZYUcCwJbrLdDQeBYWV9ZAXu1CsBURS/klpyy5IE3wGCY9QFeP1HNP5osacltu+7oifznCx9znkiN83A3CR9a6Ox2BUqdHgIuOFpcP2dhkXKVMfSbSBCJIC1lOQze62vHkuQYYHB4UweJCKp4j9ivHhhCz83DgCjpzlM00WX+PyBhUv1NWXQVDg0Pi//nnf8bOri74UV8f7N69G8vKyvRDnSyhgFm/y1euBPjoI9i9axe8+PJLuG7DevYaJUbulStX8I9vvQVv/fGPwhcIoIr2qeoi9vwVJOWsy4IommD6kHyIk7EYhpMCtq5aBxuWr4ZzVy/DQOs1CXQsFstl0V3t8nuLbT/tvTTEFKavW6CPSt7NicRNW8Du/H5KujMzxjptMTx6YpOoHOScAJODWxAzw23oVaA2svHk7H5b07aNyIrMOORyMXWMuMUIOuqGGfxaXTrGoaz0BSNOE97OCnm75y5w6rjHNHtXeDX9qL3MzKtBJ+1se6NLjgutUMfXLn7ZgHH+/UZ3PYpEs4EiWQkSGkpaGJI3Zc3qDbA5YMK+Y0egd2RESECIVsqmcSzMgB+TKUsRgeW4y2Ympxdm8tiWhT0dnTApLPjxD38kXnjxRbz/gfuhpqoamJarxrBouX4dP/zwT/DWm2+K/QcPuPf6k08+gS1btkBlZSWEImGolv9u2LAB9u/7hITdwTQD4Lb4DOPI9PkQ88JwpqFB1NfUQXlRCZbnFbLANlnekeCzXIxiQo7tgBy/FGU0uBhFeOlVIssox3HVyUm95AgfX2vb5NK+8z+XXNr3S077Cpw+7etomDkIIJkk4BdT5uwkIIvMfgAMmtDT3wdnzp8TV69dA19+hFfmAnRmapa2YSFaVTMotH4gP7FJvJVIHoGRYfGWBG/9/f3Y39cvHnv8cVi0eJFb77dixQr4xS9+gRvlhEJSL/fee68I62hEV3e3xIQfiT++8YacE20oiERYz8/5Lpal0ToZSXImoNlMnk48EUeYiIlNazbC9/c8CTVlFdjR3cUF5pYflN6arRKYiLc0BmbcN6MgXbV3RpoT5xhTGVIiYu7xnZEaxQwAKDAdqk2nfT0WZhnBuUz8O+212pmRtSkSNsITAcyKimYIXXs+5YUrbtrV4d245YXCI2QsMm0tpmsbkXkfZnzO6BvmpGiFmT6AgqL65G2PDiOmZXlc4OeNfIrb6TfO8ST4sTWYIdkUK5GClUuWwvIVyyHiD8B7H/0JJqMJCfp8kKBInwSAhs9wWt9hkItpwB+Jt4vN27fBo489Bnv2PApbtm0V5IXtnOHo6Ig4f+4cvP/+B+K1V1+D1tYWCfCq2E4uFouJI0c/g6eanoKdDz/M4I8Wa7W1tWzPlkolHQvGNE7PvEfKjkcOS8oijI5NwMnGM7C4boHIX72eBdx9PhrDBktFkUZowu/n8hEe24rUL6Z2+ylvcmnfXNo3J/WSi/z99UT+vJnErBvmzpNOATsBPgJ+5L7hpGNIoBj8JkSTCXGp5SqcPX8eY3YKzHBQpDSCMJhuOC2VM10xRrIvts31OkI5cICpNL1EXn4B+oMhFnHu6OzAzq5OrjXatGkTTzARCfQ2rF8PSxYv5gd+QUEBX9PIyIg4fPgwvPnmm0iEkJKyUi4A0sQWslxTk7chiIQsUvL7yTYLJC5MDk/AttVr8dnHnoQdW7fBMDEslUUckGEdMR59pqHq3mwB+CVE/rIYsFOEnT3AKV31lY7WubZiGV+A048HkY61oE5DTpUzQU8Nm+NUgVPPOetJh9OBTDHftsEpn0OdahUiHb1zr1voSjzh/axw5nw3OgiQ6bQx09k47adF82aWetGpa/Sei+d46CV1eC4U9XgSOPPgnn+/0ecnYZwIkq0H1eSRxl8AMGmShZofVtcvhZJQHkAsKd79+M84aSTBCAZYIogtBiVIpIg7S9XglAw3O9UEAwGk+tmf/vznsHTJEuEj0XT6m1xM3WxrozGG777zjnj7zbewoKgIqqtrRECOS4+2OWcLqGaQz1eOISKtyJcYHpYLySSlfn0qO5C5+HHXnexUJ0GePxIWbe03oaHpPNZUVYsF5VUsKg8JmxhaSGQU+V0c+SP7RmXNrctaMTPyl7F4ELnIXy7yl5N6yW1/jZunO4qs/J0jm5FMpmAyNkkRMq6JU7V+6snc2dsrV+RngcgeImDKB7zBMyMzYjmyB7q0P20Rx0Xkjk0cgFv34whKc0pWHsc0/EzuqK2phputbfBP//RPTN6gOsD7778f8vPz+e9FcuJxNqpJJP/f37/6ezh67ChUllc6umPyOiyuM+J6xZT+2SS5FvldZNoxOgkbFiyG7+95Au7fdg+Ul5ZBX18fjExMcASLZTJQRRUMe6Yy+fk3+9RYms532pmPEduzr0MYQC8L2OvTlRUynJI7xamROcxeDXjBqHBTZBnnOx+ZDBQqByumWRSnkZQ3mJWFQjCzxm7KE16kZWDQI/OCOlw9pZ4v63jZpBSELDbuTGHaGaYc2wFO0y3/McuiZb7L/FlmOJNcZlI2kDS5LftyTB50OBWDqByrEdMHGxcvB3vnHrY7/MPBP0NUnlmeXDCRTJGf+r6YfdYkAXdL1wUyO1f/saOjA1577TV45Te/gXMXL0BJYREtvHh80NimFy0WC8P5zNL16Ui9raViSOOP116qDGOafqPvAz0rHF9x+TyISxDZ2NQEixcv4Uh/QAkDAmWvKeudSCbAF/dpfURzxrSQyBI8nE1qKLfltru55dK+8z+XXNr3S0r7OnXo2r1DCSCjkzpDt46MHtTxRFwCP60+yw9a/qAYGRuDC82XoelqM8RI5s/vAyott/VTlVKsLOVC7Fz24LR5tT86OgbRyUlO0YYjYYriUd0f6fYJBwBS8batxZr9/gDW1NSI0dFRIGZvR3s7MQ9ZPqK2ttZ1sZegUVy6dAlef/11eOedd6C8pFQouzeDKYBKstAQyrrNhpQupyObeSOaxMUlleL53U/gozseEBUlZUDXd/VmK3YO9MG4nFTB9AvyFzXdlBveyhiYbkcVmxDKPk6BVDYEFgShbXVPlNuDEsIVqCc6myy/VOoZnbSiDdlhQxVSYU037WziaDeSLZZzz5l3w3xndUyGYbKdWNDbUvo8xOwmtxOqd1QuLzzRc2wXp6GPCB0hpmNQVIYgIN9ftglUaJdFv1l3x1aajbRYIPcUlasVWgKY33i0k13Gs406AGjq8yHbPvkbqm1jFRNLXZMDPLhvEZggHTx5eGELbVeoadpp8KxEvFXWkMoTWITc5hbla2IPXToi9VMiUci+h+xW4TMcajAPIV0wKYilTtfHTje0iGKNPuO2+o3TBgaDPyH8srfEmflri4FkDK62E1mqA9ZL8Ld+2UqI2SkxkojC6wf3stNNKBgGn+Eje0ZuEqc6DiHt4033ZiI6Jj587z1YuGABL7SqqquFs0gbHh4m4CdCvgCEwxG+D/SZlLw2cv4ZGR8VLz7/AmzesoWceviYY3L80riNx2J8v1lBQI1xnAEruziZ7gV1tu7+PnG26SLUL1ggVtXUQ8hUxY90BSl5w+lZRVkB8viWja4xP3pY+Hopgu7KyiXXQy7te1dSm5BL+87YFrm07/zPJZf2/dIJH15/MV1KxCiJp3yySIOofFgTCLRBCR9TGobcBNq6O+D0+UbRMzwAZiiAVACVpAeunuRc9wHSzqPUVCLBD/0HHt4pKior8OLFi3Dx7HkhJ22ESIQnWYetR2knNwXNANKHNAGFgyH400cfQU9Xj5xI+uCxxx+DlatXcx3g9evXkdiGr776qijOLyI2IqqookKUpMdHnhkEe8hEnlLXSTlhpKJRXJVXAU/t3oN7vvMgVBeX4cj4GJxoPAsffbofOgZ75PX55RxjkDUBp+8MIVwmxi20fTZAYtyhayiV9gqhBtkMhI9YioPemCz2ptw+qG0ItSidHUdqBr2CzB4PLp0DZdSrwDwBcoMlgpEACQMWiV7IJ5XxlirkZyeUFH+/onxbthtmRNtD/fVE67zF9eBaA4KH2WyzA4YCtrbFmt8EGCyFboWrpqLgrL6mNDjISHfz99jcToZCrqDXLILL6vRiA/Usb6NHv8Y5guFGNVFrFQqP9TIDUF2WRgCTyUFCsWQVUDZVY7FUiyoFRVrk8FoDRNq7T48pqpMlQpGt89J8S4S49bSvpw0odkYRwGQqKYyAH1OGzTqbi0orISKB2aKaBWLtspX49M49MDw6Jo5fPIsW+oAki7j/GQa4HB/hCC1zfxGR/Hy8cOE8vP3221BXVyd27dmDeRLIVVVVweOPPy7a2trwt7//nSD7xeKSYr4/JOI8KsfOPdu2IwmtsyYnRQ3lRqz7Jrk4m4zGRDgvpITjEXGGC6auz7efFp6Ev/0S1El0hxcvN4mli+qxuqgMAsECkrfh7k2yNZRmnvTHBDH7DUS3OtNJvVvejiSmD47n0r65tG8u7Zvb/sIzviLDxYN8d21ta0FyJpQajUvARtIt5MBh+wy1yJZAYWR0HJpbrsGl5suQkJNsRFm8cVTKldkw0FOMJqC3rwfuu/9BePkHP4C169bC5eZmOPjJfjh5/Dj59/JuNFFwakjX/qFOH9IURVEWmgAW1NTCmbNnIDoZBaoDfP75F2Dx4kVw4MB+YhzC+PAY1NbV6jQtpiM+hAlSlkoVkVuAPHhUXl9hyoSd9z0Aex7YCYtq62BS/q6x6SJ8eGAv7D+4H7C8GIKBAKe9UQs+CxAgbmkRPw2q1/XoBIhVutvimchv+jjSZ5iGS2iltuB0u7xHQnsTO9HHaVdYAlzVQdM03eODDvVQOyj3BsN1XmHpDwlxJNDm/SjtR591UnUGSXNQdEeDBBOnL6bzXh/vx+Qa5YlMn+F7gqaOuinx4RRH5jSZSLfLXMtxKhoQuiiQ20ueG2nAOQCG9SAZLOsSAxIqZm04nXZETHPbs11BdPSLaKU261z6eH8qSaDv4ki1dqbhOlCSGjGBBc9R91VXkoUim4bysuC/s/uGmZEGvt3SAacX+pz7Ie9nS183vHdgH4QCIXj8wYehpqISdqzbBLHoJMTHJuD89WawCyJ8DuiphjM42q5Ss3S+BKAqK6vg0P4DsGjxYqiprYWNVG8bCsKWLVvh5z//OYs4v/n6G0z6crYnH3ucRdZ3794NJSUl/LtELA6tbW1w+vRp1ubz+wszIudewo33PqgIq2pfn+GDRDIFPfI5QrJSKxYsgcL65RDQY4CuXy5KIRabhJB8ToTleTpSVajrI9Q1qnEhRE7yJbd9M9K+uS23faWbetiiBhCo0z5pgbfJeAwmolEFDjgdiewMEJeTw43ODmi4cA7GJsYhr7iAJxLS33PAhAIa6ntIeJbqBqmj3/fA/Wz3RFp8a9auharyChgeHITBgYG0mwCAmpg4a6kcRAJGAIL+AKeVKMq3sG4B9HR3w7//6/+Am2032WXgi2PHoO3adQn8qlVNk75Gmnx5UhG29upVNIfUZAJiI6Pw4iNPwuNyolqyaBFPPFfbbsCH+/fB4aNHwSwrBlNOIqwtSMQPw9RUS0NPXrc+fbhWbxocu23laPZR6tNSYIviM6lE+mcGS/JnBWBmRw6Gtu9iiy+3No7dhxUgMpUTBLUPuSY4DaZAmsGTKbmfcJQK00DevUdoeGia0/QtD0WYz0HX4xGYcjXZQFnqEYhTtWA6LWyrGktVua+PmbU+54iw4Zx/iq0H2YqQADrN7D6VWOWErVI8BofpTTWpVLdqzrTE17ZmdIUpOm9bR1Hlz2QHSFFxS7tjOFp/7GSjQ7CmTqHaHPXWpr66fs2xJaQooXkHtX/0UQLiFIUOSWBEVoW0TDIL8uBifwe8se9DCIYlALx/J1SXlsPD23bAxNg4DA4Pw7WRHogUFqTt+HR7GlpAXWhkRNJL/kCQXXSWyDFbU10NdfULobC4EHbu3Mk6fo888giQJBNdN4G9latWwWr5coAfnWhrWyt8+umncLrhDFSUlbv1vRkdxs6sZXX2If1POnZMPkNoHPgiYWiSi85l1fWwsLwaKguKwUqmeExS6QktkqhGmZ4TrGOYpfLN/c62PcJBuS235cBfbvurQn96QqeJTbMMHPIFRX0IsJGPp00TsHyQxuWK3Wf4YVQCvvPNl+Da9RsQKAgDOQaQjIQFOpIESg3F1LIoVOc30jcAOx58CB586CGorq3h7wjqhzrVAkUnopAvJyOeuE0FPByQ4RSMO5EiAgdUR0jSEZRm+ui9D+QkF+TJuKiomIEKfSdFa2zX8V1H2QyTQRcxl81oAr5/z0Pw0mNPw6plK9gT9Vp7K7x7cC/s/+wIJEMmFOTnQUIehaKb9FnygaNIqM3X6niT3t5muEa0gkGlY5GmNAgF13TxddO/KQ32qH2FqYCZ8GQKM/OVikijJ1QSuyaxXBL55eiipaIkyHZ9OlKraw79EkRQqj9lJ3XkzHalMygSTPfGr6NahlOv6Nnc7LAGUIqtIlxrO7omAkOoZDz0SVsKBGnpY2ZlG/a0OkEucAbt5CAsBbQYsVDfUeLLzMROWgy4/AaXIEAqSYQlBf7o3gktFJwd8XPqxNBSqWM6HkfyuBzBAWycv1Y2aYbQ4EOCUeq3KfYgcxcvfn3CfL6moQVIxJ1FnRxGsV6QkSg5g7eAAj9mXhhOtl2F/P0fQ7EcJw9vuRdKCyRg2/FdGIyOwa9e/Q3EJichL5KnwDDZvunIL5UAKN9rdczSijK4cbMN3n77HaiTi64nn3oKyNmD5FvWrl8Hy1Ys52PRCVFUkITUmYmrS0na29uBdADfe+99KC0q4Zo8TvkahuvwNl1dEXtoOws1WgzJfwN+P/9taHAILlxqgrVLlkPp2iKO5FO/4vsq71tULlxp37xIRBHPbKGFodVxHcuWHNEjt+XAX27764z9IejUmC5I16ArkYhzlI0CJkmhHqoU6ZlMxqGlox2aLl+WP8fk0zjIlmvgrOSFTnOB4abVCHCUV1UwQWPz5s3q4S+//UZrK3y8bx+QVpgv4HdZubZOpanUncETCYFQAh8ELinyxfZqNIkTaUQej0kdFH3RDECuw7KVkJ/BBBJU18isQJKuScD2Zavg+Qd3w72r1oHp98H1znb44OhBeOfwPhjzWRCma2MQqVJ8NNmnMB3puZPJQ0XDbAYtXItoCQZdNrmnyEksINsjxbATXB9UZWsnmL0JnkhcdrrX8cwlwMLEFjouAZmkil7aDkoLS/Ad8inWM8k2UvEdAUXZzvwdhqUmTV3ryT7N8lyorQhZCtueFphlauYJvjZeBPBxLY7ICKp+04STeFSBNCPgV+CPtNpAfYyPkO3FpgGDoUEepYtNWzlWJGKKZa76seD+6ydnF5/qFxTxEw4IAM9xHFDp8Sbm6kGqi5TAjhZDPlO5ZCTiqv0hQsKPfgbEzmcIGNN5pGIJBpwURSVwRrJIpEwu7yKXVFDPUfWKeFsgUOj7IVThpOwz+pfyoOQ/bQTkwqWsGBquX4by/XuhIBCCres2QlVFJey+/0GgOt0PDnwM0egkBCMhBmJA5R0UoferFLel9SyZcV9dA1+cOA75/57PY5GjfvX1nBqm8UyvzFWASq+335Rj6v0P4He//S10ShBYXFrijnPhMLyzqh3RszjiyClHhFGVaoC6r/S8uCkB6cXmy7BkQT2UyUUfgW56ZvFiie6TPM8wL158CizbakFheIgtuS235cBfbvsrg30ejqZrrq5TSZaq9YvF4668BdfdyAd990Avp3vb2zvY9syxL6BIHGMHTrGpGZVBXDwBw/098MwLL8ETjz8OVdVV/MgfGR2FU6dPcTShvbeHfHlVKhLTFfhOetbWNVNKuVcw2HT8eVl6xWe65bwEdOhcQlSjl0yq2jBt+eAQT8Zjk7CodgHs+u598OC6zVBsBuFaTzd8evIYvHVoH1ybHIHycD6QFbBP00wpgiPhJ7OZKbpCE2/SVhHAO7kHfgI9NCnJxisrq1BMUPne7/Nz/RJdK0lYDI2MQCASZqBmc0rYAFemFzIrlxUTFDgVSrVWBIxKSoo43ct1k+S+Iv9myWOMxKNcO0msTZ6wJegPSdBbVFbOgJrEvan9wxQBlec2ODjIQMhAH0+wlgOAcSqbhWvmhFpI5IcjUFxWxOcUkgCS7L0cti1Z6wXltcXkd3X39sr2lffXr1J2NgiYjldDkzglXx32cElRCduJxSdj3IYULWbGqry2weEhFh6n9L3pN7mPclRZp629ItuOviXqvkQaeoX5hZx6pO8LynZi3TrZ/JPy6vuj47yzn8GTzTWhJeECCBUFwAmBc2o26IeJRAwG5X00QsrWjCOpcGcyI3QdSYraUq0stTVp50lQT941VJ1qRACOStBWEApzCnfD2nVEAoEnH3gYRsdG4eOjh4l5zxFAAvVUYuGOGW1BQlFBAnc1VVVw+NNDMEYs+KtXGQBSDWBVVSWPRWej6+rt6YHGxkY4ePAgia1Dy7XrkFeQr6Ju3jrLrAWDdxXB9o+osxG63pJGHK3zAvJaomNRuHT5EqxbuQoK8vOBRJ+tpKVS+cTolqCRxg71Ay/IRp31UN+Ri/3ltm8G+JsPG/dW2K3z+Tvexmdm+zvewbHv5PrnHXD5Etr2dhnZeBv35HavG2ePHOiieh2xM7gATUX9CBjQpC8fnHIO8fHEErctnIwnobXjJjScOwdjySgY4SARQNB2Ajw2T9XIaVqKvsnjDHb3wsJFS2HXnt2wZt1aBeLkPhRZGh0ZlQ/wMT7Pnq4uLK2s4EJt/bBHyy3MFgxYHA1A+jJOG7nCbRKmcKrK5qggMQRV0boJDjvTIR9Q5Ck/EMZd934XHtlxH9RWViNJyJxqPAsfHtwPZ/raoDSvQNVnUXpUoNJyNlQkLUbtI2y0MSPyd1v31WHEWhJkrFi2HJ5+4ikoLy6hm6B9V00kQNTU3AzvvP8uDsn2ihQVMo/G1BFbFJnRMG9UMTY8CkbMxseefwbu3boN8iMRQufo1+nc0XgMPjt7Ej8hSy55sRSlSkzGcP2atfDow7uguqISCbjROQYlsOro7Ya9cl+qtyInCVPdE9KHSesFahjI76m9Ewm04ym47+Ed8KBs77xgCCn1a8v770i5UKQP/CZeudEC7//5TyD/xVBBRN7zoHLOECKDUez8TNefkguUytIyfPj+B2Dj+g0SnPmR2pMlWeRxe+ViZf/hT+HwgYMgCkNQUFICBriK2Y74stN+bgmjoP7Z24MbN2yBpx57HJbU11NkScFFArY+Ay+3tcCb+z6Cjr4eueBQoLAovwgelIuKLWvXU3uzKDiBW4JU565cwj++/x7E5MLKx2zUKYTxW3keqPiVoVL37FVINY60yLF0TSaXXpiYCvng08OfsQh6gew/y5cshQ0rVsOwBHF9g0Nwoukc/P/svVlwHEeWLXg8IjfsOwgQIEEAJEEQ3HdKFKnSVlpKXd3vVVXXdPez12++5qe/xmx+xmx+x8bejE3PtNl8PLNe5vW8XqpVXVKVVFopqSiKm7iCC0gQ+77vyERu4eP3ukdkJgiA4CZVdWWoUCCAzEgPDw/34+fee07CH2c2Taad292EGT9gEVIAslIBvVvXb6D16jVx6dIlsm8TJLJeUlpKbLUgmZcZBXB7enpw8eJFnDn7FQrURqqwqIAZbGbmabTR82nbQPozlF6PKcz1CWOdIiHcwhmbbenU/0J+dHV0i5vtd1FTuwnlhUWahZW6ypfmsSXVHpK14XCxlTaV6vlAPOKcvt55XDzBPC6ecJ0Vz3ANyvbNU+4b3zI2X6zB9K9VDv2wMujHed96zrn84lYrs15Pe9bz+ieRR5WPee5vS+plpd+vJnGznmtd8/Va/8DIjBgURUxTdCnGIElN1JJCVA4v8EKOjU+g9W4bhtSiiFBALdgcVtQaZsLdUAtpGdmNaCKJebXsvfDy93Ds+HHk5ubpXCxLyKLCInHq5En8r//7/ybPnvlKfPjBr2Xf4IAoIwYnjxZ+H+/7hQlvJk0I17Z1npDDC55m9ISOW7POBzFiVMfKbAjrkmgFkCQBNsrfUm197dDz8u1DL6ChqlYsOHF5ta9DfHz+K7R13kdlXj4C6pEMQIeKya2E9NN0yE6tryzw7FqepSnRPfgM4CHjm4XsSMYiFg6jsqICR/ftR11FlbQVQJPagUHGFHDdsbEOIWHLdz98X0wtLUAG/FJhccGag8xMWuy/mjAsiSBgpRa9AhHCS2+dlD9+/W1s37pNLYA+rr4JUBhM9cf44hxVacovVTdzHqN6/2x4TiowhWM794qtm7YoDBRj4OwPBdGuwM7Nm7dwy2njYgkKi3LKnG3kQvgG6SAq9XsyoTYMs4tyb/MOvH7iRRzfe0AU+HOkj+5dPJESBwzYiNpC1lXVkKOKaL15VdpBv/BRON+ovQjd3xwodljpxmLpm6VEnDYMcntdvTi17zCKgjkyGY9raRXVF1SQtCG3CDlJC5+c+RBxOwRfQY5OiFTjJuDosUr9l1RtJ7YxFomJyOgoDu7YJ3/yxg/Fi8+dQDn5SkvpOoaJgPrM/Nw8cfrrM+hWYC6U49dVwKqPt9Ztwcn9R1CSXyA5dYLa6SRYZudXCvzMLi3S61wLYlfEe93jBmlOwsLIIyXVA0FcJ4Wm46ZqnJ8V1Vm+UFB9fhRnvj4ryys', '2023-02-28 14:01:26', NULL, NULL, NULL, 1, 'Manchester city desription', NULL, 1, NULL, NULL);

-- --------------------------------------------------------

--
-- Estrutura da tabela `team_has_league`
--

CREATE TABLE `team_has_league` (
  `league_id` int(11) NOT NULL,
  `team_id` int(11) NOT NULL,
  `created_at` datetime NOT NULL DEFAULT current_timestamp(),
  `status` int(11) NOT NULL DEFAULT 1
) ENGINE=InnoDB DEFAULT CHARSET=utf8mb4;

--
-- Extraindo dados da tabela `team_has_league`
--

INSERT INTO `team_has_league` (`league_id`, `team_id`, `created_at`, `status`) VALUES
(1, 20, '0000-00-00 00:00:00', 1),
(1, 21, '0000-00-00 00:00:00', 1),
(1, 22, '0000-00-00 00:00:00', 1),
(1, 13, '0000-00-00 00:00:00', 1);

-- --------------------------------------------------------

--
-- Estrutura da tabela `team_has_player`
--

CREATE TABLE `team_has_player` (
  `team_id` int(11) DEFAULT NULL,
  `Player_id` int(11) NOT NULL,
  `id` int(11) NOT NULL,
  `date_created` timestamp NOT NULL DEFAULT current_timestamp(),
  `status` int(1) DEFAULT 1
) ENGINE=InnoDB DEFAULT CHARSET=latin1;

--
-- Extraindo dados da tabela `team_has_player`
--

INSERT INTO `team_has_player` (`team_id`, `Player_id`, `id`, `date_created`, `status`) VALUES
(2, 22, 2, '2019-12-16 19:53:16', 1),
(2, 21, 4, '2019-12-16 19:53:16', 1),
(2, 19, 6, '2019-12-16 19:53:16', 1),
(2, 10, 10, '2019-12-16 19:53:16', 1),
(2, 21, 12, '2019-12-16 19:53:16', 1),
(2, 10, 18, '2019-12-16 19:53:16', 1),
(2, 9, 19, '2019-12-16 19:53:16', 1),
(2, 18, 20, '2019-12-16 19:53:16', 1),
(2, 26, 21, '2019-12-16 19:53:16', 1),
(2, 12, 22, '2019-12-16 19:53:16', 1),
(13, 17, 25, '2019-12-16 19:53:16', 1),
(13, 21, 26, '2019-12-16 19:53:16', 1),
(13, 16, 27, '2019-12-16 19:53:16', 1),
(13, 19, 28, '2019-12-16 19:53:16', 1),
(13, 18, 29, '2019-12-16 19:53:16', 1),
(13, 15, 30, '2019-12-16 19:53:16', 1),
(13, 7, 31, '2019-12-16 19:53:16', 1),
(13, 10, 32, '2019-12-16 19:53:16', 1),
(13, 10, 41, '2020-01-18 12:25:11', 1),
(13, 22, 42, '2020-01-18 12:26:44', 1),
(13, 21, 43, '2020-01-18 12:26:44', 1),
(13, 19, 44, '2020-01-18 12:26:44', 1),
(13, 10, 45, '2020-01-18 12:26:44', 1),
(13, 21, 46, '2020-01-18 12:26:44', 1),
(13, 19, 47, '2020-01-18 12:26:44', 1),
(13, 10, 48, '2020-01-18 12:26:44', 1),
(13, 9, 49, '2020-01-18 12:26:44', 1),
(13, 18, 50, '2020-01-18 12:26:44', 1),
(13, 26, 51, '2020-01-18 12:26:44', 1),
(13, 12, 52, '2020-01-18 12:26:44', 1),
(16, 2, 54, '2020-01-19 19:20:34', 1),
(16, 3, 56, '2020-01-19 19:26:38', 1),
(16, 4, 57, '2020-01-19 19:26:49', 1),
(16, 8, 58, '2020-01-19 19:28:15', 1),
(16, 9, 59, '2020-01-19 19:28:23', 1),
(16, 11, 60, '2020-01-19 19:28:30', 1),
(16, 13, 61, '2020-01-19 19:28:37', 1),
(16, 15, 62, '2020-01-19 19:28:44', 1),
(16, 16, 63, '2020-01-19 19:28:48', 1),
(16, 17, 64, '2020-01-19 19:28:50', 1),
(16, 19, 65, '2020-01-19 19:28:56', 1),
(16, 21, 66, '2020-01-19 19:29:03', 1),
(16, 22, 67, '2020-01-19 19:29:07', 1),
(16, 23, 68, '2020-01-19 19:29:10', 1),
(16, 24, 69, '2020-01-19 19:29:16', 1),
(16, 25, 70, '2020-01-19 19:29:20', 1),
(16, 6, 71, '2020-01-19 19:30:45', 1),
(17, 25, 72, '2020-01-19 22:42:48', 1),
(17, 17, 73, '2020-01-19 22:44:21', 1),
(17, 13, 74, '2020-01-19 22:44:27', 1),
(17, 3, 75, '2020-01-19 22:44:42', 1),
(17, 1, 76, '2020-01-19 22:46:55', 1),
(17, 2, 77, '2020-01-19 22:47:01', 1),
(17, 4, 78, '2020-01-19 22:47:06', 1),
(17, 5, 79, '2020-01-19 22:47:10', 1),
(17, 6, 80, '2020-01-19 22:47:16', 1),
(17, 22, 81, '2020-01-19 22:47:28', 1),
(17, 8, 82, '2020-01-19 22:47:44', 1),
(17, 7, 83, '2020-01-19 22:47:51', 1),
(17, 9, 84, '2020-01-19 22:47:57', 1),
(17, 10, 85, '2020-01-19 22:48:01', 1),
(17, 11, 86, '2020-01-19 22:48:04', 1),
(17, 12, 87, '2020-01-19 22:48:07', 1),
(17, 14, 88, '2020-01-19 22:48:11', 1),
(17, 15, 89, '2020-01-19 22:48:14', 1),
(17, 19, 90, '2020-01-19 22:48:21', 1),
(20, 162, 384, '2022-10-19 19:25:00', 1),
(20, 163, 387, '2023-02-08 14:55:22', 1),
(20, 164, 388, '2023-02-08 14:55:22', 1),
(20, 165, 389, '2023-02-08 14:55:22', 1),
(20, 166, 390, '2023-02-08 14:55:22', 1),
(20, 167, 391, '2023-02-08 14:55:22', 1),
(20, 168, 392, '2023-02-08 14:55:22', 1),
(20, 169, 393, '2023-02-08 14:55:22', 1),
(20, 170, 394, '2023-02-08 14:55:22', 1),
(20, 171, 395, '2023-02-08 14:55:22', 1),
(20, 172, 396, '2023-02-08 14:55:22', 1),
(20, 173, 397, '2023-02-08 14:55:22', 1),
(21, 174, 398, '2023-02-08 18:25:43', 1),
(21, 175, 399, '2023-02-08 18:25:43', 1),
(21, 176, 400, '2023-02-08 18:25:43', 1),
(21, 177, 401, '2023-02-08 18:25:43', 1),
(21, 178, 402, '2023-02-08 18:25:43', 1),
(21, 179, 403, '2023-02-08 18:25:43', 1),
(21, 180, 404, '2023-02-08 18:25:43', 1),
(21, 181, 405, '2023-02-08 18:25:43', 1),
(21, 182, 406, '2023-02-08 18:25:43', 1),
(21, 183, 407, '2023-02-08 18:25:43', 1),
(21, 184, 408, '2023-02-08 18:25:43', 1),
(20, 23, 409, '2023-02-16 13:41:17', 1),
(22, 185, 410, '2023-02-28 14:01:26', 1),
(22, 186, 411, '2023-02-28 14:01:26', 1),
(22, 187, 412, '2023-02-28 14:01:26', 1),
(22, 188, 413, '2023-02-28 14:01:26', 1),
(22, 189, 414, '2023-02-28 14:01:26', 1),
(22, 190, 415, '2023-02-28 14:01:26', 1),
(22, 191, 416, '2023-02-28 14:01:26', 1),
(22, 192, 417, '2023-02-28 14:01:26', 1),
(22, 193, 418, '2023-02-28 14:01:26', 1),
(22, 194, 419, '2023-02-28 14:01:26', 1),
(22, 195, 420, '2023-02-28 14:01:26', 1);

-- --------------------------------------------------------

--
-- Estrutura da tabela `team_image`
--

CREATE TABLE `team_image` (
  `id` int(11) NOT NULL,
  `name_url` text NOT NULL,
  `points` int(11) NOT NULL,
  `money_coins` int(11) NOT NULL
) ENGINE=InnoDB DEFAULT CHARSET=latin1;

--
-- Extraindo dados da tabela `team_image`
--

INSERT INTO `team_image` (`id`, `name_url`, `points`, `money_coins`) VALUES
(1, 'https://files.app.fcporto.pt/thumbs/500_0NweuDyhURRPT30rjpOrne2I9KD5w6Du2x.png', 1, 1),
(2, 'http://aux.iconspalace.com/uploads/benfica-logo-icon-256.png', 1, 1);

-- --------------------------------------------------------

--
-- Estrutura da tabela `transfers`
--

CREATE TABLE `transfers` (
  `id` int(11) NOT NULL,
  `status` varchar(3) NOT NULL,
  `seller_team_id` int(11) DEFAULT NULL,
  `buy_team_id` int(11) DEFAULT NULL,
  `price` int(11) NOT NULL,
  `date_created` timestamp NOT NULL DEFAULT current_timestamp(),
  `player_id` int(11) NOT NULL,
  `date_buy` text DEFAULT NULL,
  `isBot` int(11) NOT NULL DEFAULT 0
) ENGINE=InnoDB DEFAULT CHARSET=latin1;

-- --------------------------------------------------------

--
-- Estrutura da tabela `user`
--

CREATE TABLE `user` (
  `id` int(11) NOT NULL,
  `name` text NOT NULL,
  `avatar_url` text NOT NULL,
  `facebook_id` text DEFAULT NULL,
  `email` text NOT NULL,
  `date_created` timestamp NOT NULL DEFAULT current_timestamp(),
  `IsValid` varchar(45) NOT NULL,
  `password` text DEFAULT NULL,
  `stars` int(11) NOT NULL DEFAULT 5,
  `money_game` int(11) NOT NULL DEFAULT 2000000,
  `mobile_phone` int(11) DEFAULT NULL,
  `user_token` text DEFAULT NULL,
  `points` int(11) NOT NULL DEFAULT 0,
  `discord_id` int(11) DEFAULT NULL,
  `username` text DEFAULT NULL
) ENGINE=InnoDB DEFAULT CHARSET=latin1;

--
-- Extraindo dados da tabela `user`
--

INSERT INTO `user` (`id`, `name`, `avatar_url`, `facebook_id`, `email`, `date_created`, `IsValid`, `password`, `stars`, `money_game`, `mobile_phone`, `user_token`, `points`, `discord_id`, `username`) VALUES
(1, 'Andre', 'https://randomuser.me/api/portraits/men/49.jpg', '42336342', 'andrepasr16@gmail.com', '2019-12-16 19:27:42', '1', '$2a$10$4fnGN3.PUb9B4/NoblRxfOtZ7bJ6srCvfQngtFbAr/WMnWshmRuFm', 36, 725564, NULL, NULL, 0, NULL, NULL),
(2, 'Jorge', 'https://randomuser.me/api/portraits/men/39.jpg', '42336342', 'andrepasr1d6@sgmail.com', '2019-12-16 19:27:42', '1', NULL, 9, 2080000, NULL, NULL, 0, NULL, NULL),
(7, 'Miguel', '', '', 'olympikesoft@gmail.com', '2019-12-29 12:16:52', '', '1782f626349b694a43abc4a3b811b76e', 10, 220000, NULL, NULL, 0, NULL, NULL),
(8, 'Andre Rodrigues', '', '', 'admin@gmail.com', '2019-12-29 12:29:13', '', '1782f626349b694a43abc4a3b811b76e', 5, 2620000, 934703799, NULL, 0, NULL, NULL),
(10, 'MasterPlayer', '', '', 'pasrhabbo@gmail.com', '2019-12-29 14:59:49', '', '1782f626349b694a43abc4a3b811b76e', 5, 7200000, 934703799, NULL, 0, NULL, NULL),
(11, 'Pacheco Pascal', '', '', 'maisongomes@gmail.com', '2019-12-29 16:58:01', '', '1782f626349b694a43abc4a3b811b76e', 5, 2000000, 934703799, '52LvbyeJflE7tVlogTzwHe54YWZytWEMrL6LWXn8fe6vvBGdhBAaiLE9iK1MWBZRLwmvB2OAhZXImc479TDf4t6qLToV0MwcTUG6wyRFKIOFhYcSrKf7rkDez31XoKWMk9X7rPcNA2IKmfmIpkQx0NC5ZK7bMrEwTVkn44exnsq4gOUMpKAokXHssofiiSOa0ZrsMVqKejSh2jXgfMHeNQFMsoewwaLeBGJGOZE330f9Z2y7fj8aq4rwGcCRK4jj', 0, NULL, NULL),
(12, 'Jonas', '', '', 'pasrhabboss@gmail.com', '2020-01-19 22:41:56', '', '$2a$10$4fnGN3.PUb9B4/NoblRxfOtZ7bJ6srCvfQngtFbAr/WMnWshmRuFm', 5, 100000, 291291291, '924Zdr5UUq0pZAk2Hkuno6rSqfenXQNwBvpoOhbq9e6UnOmLn0UfmHMba4FT4l8KShXfU7Glg0SApFcPXIpYeBhuxfJ9GbbunAwDXrZHzMi07sdj7zvwEzAKukxknX5Oz4Uv4yOY49axs7aUDcTqRJhQyZv8aQ2fyCCXymwpSnktOS8bXS8nnXVZ9sjNdADxDmYO4bSTQ4fH0ZgIfQfkJp5WaGmms6B9ZtbmAQekyKqChtIKbM9eK6YS1qFi0Qy3', 0, NULL, NULL),
(13, 'Miguel Antonio', 'https://upload.wikimedia.org/wikipedia/commons/thumb/4/40/Coach_Yelling_Cartoon.svg/1024px-Coach_Yelling_Cartoon.svg.png', 'no', 'pasrhabb2o@gmail.com', '2023-02-07 16:38:55', 'y', '$2a$10$4fnGN3.PUb9B4/NoblRxfOtZ7bJ6srCvfQngtFbAr/WMnWshmRuFm', 5, 1894436, 934703388, NULL, 0, NULL, NULL),
(14, 'Miguel Antonio', 'https://upload.wikimedia.org/wikipedia/commons/thumb/4/40/Coach_Yelling_Cartoon.svg/1024px-Coach_Yelling_Cartoon.svg.png', 'no', 'test@gmail.com', '2023-02-08 18:25:00', 'y', '$2a$10$ub1qiPpj38lA.zBmpSbxd.e6Az4Gwzc4qEY9AhWKIATFUs7fgx6r.', 5, 2000000, 934703388, NULL, 0, NULL, NULL),
(15, '', '', NULL, 'olympikesoft@gmail.com', '2023-02-17 11:31:18', '', NULL, 5, 2000000, NULL, NULL, 0, 2147483647, 'olympikesoft');

--
-- Índices para tabelas despejadas
--

--
-- Índices para tabela `badge`
--
ALTER TABLE `badge`
  ADD PRIMARY KEY (`id`);

--
-- Índices para tabela `balance_history`
--
ALTER TABLE `balance_history`
  ADD PRIMARY KEY (`id`),
  ADD KEY `team_id` (`team_id`);

--
-- Índices para tabela `country`
--
ALTER TABLE `country`
  ADD PRIMARY KEY (`id`);

--
-- Índices para tabela `formation`
--
ALTER TABLE `formation`
  ADD PRIMARY KEY (`id`);

--
-- Índices para tabela `league`
--
ALTER TABLE `league`
  ADD PRIMARY KEY (`id`);

--
-- Índices para tabela `manager`
--
ALTER TABLE `manager`
  ADD PRIMARY KEY (`id`),
  ADD KEY `fk_manage_user1_idx` (`user_id`);

--
-- Índices para tabela `manager_has_badge`
--
ALTER TABLE `manager_has_badge`
  ADD PRIMARY KEY (`id`);

--
-- Índices para tabela `matchs`
--
ALTER TABLE `matchs`
  ADD PRIMARY KEY (`id`),
  ADD KEY `fk_match_team1_idx` (`team_away_id`),
  ADD KEY `fk_match_team2_idx` (`team_home_id`),
  ADD KEY `league_id` (`league_id`);

--
-- Índices para tabela `match_invite`
--
ALTER TABLE `match_invite`
  ADD PRIMARY KEY (`id`),
  ADD KEY `user_one_id` (`user_one_id`,`user_two_id`),
  ADD KEY `fk_match_invite_two` (`user_two_id`);

--
-- Índices para tabela `match_report`
--
ALTER TABLE `match_report`
  ADD PRIMARY KEY (`id`),
  ADD KEY `fk_match_report_Player1_idx` (`Player_id`),
  ADD KEY `fk_match_report_match1_idx` (`match_id`),
  ADD KEY `fk_match_report_team1_idx` (`team_id`);

--
-- Índices para tabela `player`
--
ALTER TABLE `player`
  ADD PRIMARY KEY (`id`),
  ADD KEY `fk_Player_Position1_idx` (`Position_id`),
  ADD KEY `fk_Player_Country1_idx` (`Country_id`);

--
-- Índices para tabela `player_report`
--
ALTER TABLE `player_report`
  ADD PRIMARY KEY (`id`),
  ADD KEY `player_id` (`player_id`),
  ADD KEY `match_id` (`match_id`),
  ADD KEY `team_id` (`team_id`);

--
-- Índices para tabela `position`
--
ALTER TABLE `position`
  ADD PRIMARY KEY (`id`);

--
-- Índices para tabela `squad`
--
ALTER TABLE `squad`
  ADD PRIMARY KEY (`id`),
  ADD KEY `fk_squad_match1_idx` (`match_id`),
  ADD KEY `fk_squad_team1_idx` (`team_id`),
  ADD KEY `fk_squad_Player1_idx` (`Player_id`),
  ADD KEY `fk_squad_Position1_idx` (`Position_id`);

--
-- Índices para tabela `team`
--
ALTER TABLE `team`
  ADD PRIMARY KEY (`id`),
  ADD KEY `team_manager_fk` (`manager_id`),
  ADD KEY `formationId` (`formationId`);

--
-- Índices para tabela `team_has_league`
--
ALTER TABLE `team_has_league`
  ADD KEY `league_id` (`league_id`),
  ADD KEY `team_id` (`team_id`);

--
-- Índices para tabela `team_has_player`
--
ALTER TABLE `team_has_player`
  ADD PRIMARY KEY (`id`),
  ADD KEY `fk_team_has_Player_Player1_idx` (`Player_id`),
  ADD KEY `fk_team_has_Player_team1_idx` (`team_id`);

--
-- Índices para tabela `team_image`
--
ALTER TABLE `team_image`
  ADD PRIMARY KEY (`id`);

--
-- Índices para tabela `transfers`
--
ALTER TABLE `transfers`
  ADD PRIMARY KEY (`id`),
  ADD KEY `team_buyier_fk` (`buy_team_id`),
  ADD KEY `team_sellier_fk` (`seller_team_id`),
  ADD KEY `team_player_fk` (`player_id`);

--
-- Índices para tabela `user`
--
ALTER TABLE `user`
  ADD PRIMARY KEY (`id`);

--
-- AUTO_INCREMENT de tabelas despejadas
--

--
-- AUTO_INCREMENT de tabela `badge`
--
ALTER TABLE `badge`
  MODIFY `id` int(11) NOT NULL AUTO_INCREMENT;

--
-- AUTO_INCREMENT de tabela `balance_history`
--
ALTER TABLE `balance_history`
  MODIFY `id` int(11) NOT NULL AUTO_INCREMENT, AUTO_INCREMENT=2;

--
-- AUTO_INCREMENT de tabela `formation`
--
ALTER TABLE `formation`
  MODIFY `id` int(11) NOT NULL AUTO_INCREMENT, AUTO_INCREMENT=3;

--
-- AUTO_INCREMENT de tabela `league`
--
ALTER TABLE `league`
  MODIFY `id` int(11) NOT NULL AUTO_INCREMENT, AUTO_INCREMENT=2;

--
-- AUTO_INCREMENT de tabela `manager`
--
ALTER TABLE `manager`
  MODIFY `id` int(11) NOT NULL AUTO_INCREMENT, AUTO_INCREMENT=14;

--
-- AUTO_INCREMENT de tabela `manager_has_badge`
--
ALTER TABLE `manager_has_badge`
  MODIFY `id` int(11) NOT NULL AUTO_INCREMENT;

--
-- AUTO_INCREMENT de tabela `matchs`
--
ALTER TABLE `matchs`
  MODIFY `id` int(11) NOT NULL AUTO_INCREMENT, AUTO_INCREMENT=400;

--
-- AUTO_INCREMENT de tabela `match_invite`
--
ALTER TABLE `match_invite`
  MODIFY `id` int(11) NOT NULL AUTO_INCREMENT, AUTO_INCREMENT=2;

--
-- AUTO_INCREMENT de tabela `match_report`
--
ALTER TABLE `match_report`
  MODIFY `id` int(11) NOT NULL AUTO_INCREMENT;

--
-- AUTO_INCREMENT de tabela `player`
--
ALTER TABLE `player`
  MODIFY `id` int(11) NOT NULL AUTO_INCREMENT, AUTO_INCREMENT=196;

--
-- AUTO_INCREMENT de tabela `player_report`
--
ALTER TABLE `player_report`
  MODIFY `id` int(11) NOT NULL AUTO_INCREMENT;

--
-- AUTO_INCREMENT de tabela `position`
--
ALTER TABLE `position`
  MODIFY `id` int(11) NOT NULL AUTO_INCREMENT, AUTO_INCREMENT=6;

--
-- AUTO_INCREMENT de tabela `squad`
--
ALTER TABLE `squad`
  MODIFY `id` int(11) NOT NULL AUTO_INCREMENT, AUTO_INCREMENT=12;

--
-- AUTO_INCREMENT de tabela `team`
--
ALTER TABLE `team`
  MODIFY `id` int(11) NOT NULL AUTO_INCREMENT, AUTO_INCREMENT=23;

--
-- AUTO_INCREMENT de tabela `team_has_player`
--
ALTER TABLE `team_has_player`
  MODIFY `id` int(11) NOT NULL AUTO_INCREMENT, AUTO_INCREMENT=421;

--
-- AUTO_INCREMENT de tabela `team_image`
--
ALTER TABLE `team_image`
  MODIFY `id` int(11) NOT NULL AUTO_INCREMENT, AUTO_INCREMENT=3;

--
-- AUTO_INCREMENT de tabela `transfers`
--
ALTER TABLE `transfers`
  MODIFY `id` int(11) NOT NULL AUTO_INCREMENT;

--
-- AUTO_INCREMENT de tabela `user`
--
ALTER TABLE `user`
  MODIFY `id` int(11) NOT NULL AUTO_INCREMENT, AUTO_INCREMENT=16;

--
-- Restrições para despejos de tabelas
--

--
-- Limitadores para a tabela `balance_history`
--
ALTER TABLE `balance_history`
  ADD CONSTRAINT `fk_balance_team_id` FOREIGN KEY (`team_id`) REFERENCES `team` (`id`) ON DELETE CASCADE ON UPDATE CASCADE;

--
-- Limitadores para a tabela `manager`
--
ALTER TABLE `manager`
  ADD CONSTRAINT `fk_manage_user1` FOREIGN KEY (`user_id`) REFERENCES `user` (`id`) ON DELETE NO ACTION ON UPDATE NO ACTION;

--
-- Limitadores para a tabela `matchs`
--
ALTER TABLE `matchs`
  ADD CONSTRAINT `fk_league_match_id` FOREIGN KEY (`league_id`) REFERENCES `league` (`id`) ON DELETE CASCADE ON UPDATE CASCADE,
  ADD CONSTRAINT `fk_match_team1` FOREIGN KEY (`team_away_id`) REFERENCES `team` (`id`) ON DELETE CASCADE ON UPDATE CASCADE,
  ADD CONSTRAINT `fk_match_team2` FOREIGN KEY (`team_home_id`) REFERENCES `team` (`id`) ON DELETE CASCADE ON UPDATE CASCADE;

--
-- Limitadores para a tabela `match_invite`
--
ALTER TABLE `match_invite`
  ADD CONSTRAINT `fk_match_invite` FOREIGN KEY (`user_one_id`) REFERENCES `team` (`id`) ON DELETE CASCADE ON UPDATE CASCADE,
  ADD CONSTRAINT `fk_match_invite_two` FOREIGN KEY (`user_two_id`) REFERENCES `team` (`id`) ON DELETE CASCADE ON UPDATE CASCADE;

--
-- Limitadores para a tabela `match_report`
--
ALTER TABLE `match_report`
  ADD CONSTRAINT `fk_match_report_Player1` FOREIGN KEY (`Player_id`) REFERENCES `player` (`id`) ON DELETE CASCADE ON UPDATE CASCADE,
  ADD CONSTRAINT `fk_match_report_match1` FOREIGN KEY (`match_id`) REFERENCES `matchs` (`id`) ON DELETE CASCADE ON UPDATE CASCADE,
  ADD CONSTRAINT `fk_match_report_team1` FOREIGN KEY (`team_id`) REFERENCES `team` (`id`) ON DELETE CASCADE ON UPDATE CASCADE;

--
-- Limitadores para a tabela `player`
--
ALTER TABLE `player`
  ADD CONSTRAINT `fk_Player_Country1` FOREIGN KEY (`Country_id`) REFERENCES `country` (`id`) ON DELETE NO ACTION ON UPDATE NO ACTION,
  ADD CONSTRAINT `fk_Player_Position1` FOREIGN KEY (`Position_id`) REFERENCES `position` (`id`) ON DELETE NO ACTION ON UPDATE NO ACTION;

--
-- Limitadores para a tabela `player_report`
--
ALTER TABLE `player_report`
  ADD CONSTRAINT `fk_player_report_match` FOREIGN KEY (`match_id`) REFERENCES `matchs` (`id`) ON DELETE CASCADE ON UPDATE CASCADE,
  ADD CONSTRAINT `fk_player_report_player` FOREIGN KEY (`player_id`) REFERENCES `player` (`id`) ON DELETE CASCADE ON UPDATE CASCADE,
  ADD CONSTRAINT `fk_player_report_team` FOREIGN KEY (`team_id`) REFERENCES `team` (`id`) ON DELETE CASCADE ON UPDATE CASCADE;

--
-- Limitadores para a tabela `squad`
--
ALTER TABLE `squad`
  ADD CONSTRAINT `fk_squad_Player1` FOREIGN KEY (`Player_id`) REFERENCES `player` (`id`) ON DELETE CASCADE ON UPDATE CASCADE,
  ADD CONSTRAINT `fk_squad_Position1` FOREIGN KEY (`Position_id`) REFERENCES `position` (`id`) ON DELETE CASCADE ON UPDATE CASCADE,
  ADD CONSTRAINT `fk_squad_match1` FOREIGN KEY (`match_id`) REFERENCES `matchs` (`id`) ON DELETE CASCADE ON UPDATE CASCADE,
  ADD CONSTRAINT `fk_squad_team1` FOREIGN KEY (`team_id`) REFERENCES `team` (`id`) ON DELETE CASCADE ON UPDATE CASCADE;

--
-- Limitadores para a tabela `team`
--
ALTER TABLE `team`
  ADD CONSTRAINT `team_formation_fk` FOREIGN KEY (`formationId`) REFERENCES `formation` (`id`) ON DELETE CASCADE ON UPDATE CASCADE,
  ADD CONSTRAINT `team_manager_fk` FOREIGN KEY (`manager_id`) REFERENCES `manager` (`id`) ON DELETE CASCADE ON UPDATE CASCADE;

--
-- Limitadores para a tabela `team_has_league`
--
ALTER TABLE `team_has_league`
  ADD CONSTRAINT `fk_league_id` FOREIGN KEY (`league_id`) REFERENCES `league` (`id`) ON DELETE CASCADE ON UPDATE CASCADE,
  ADD CONSTRAINT `fk_team_id` FOREIGN KEY (`team_id`) REFERENCES `team` (`id`) ON DELETE CASCADE ON UPDATE CASCADE;

--
-- Limitadores para a tabela `team_has_player`
--
ALTER TABLE `team_has_player`
  ADD CONSTRAINT `fk_team_has_Player_Player1` FOREIGN KEY (`Player_id`) REFERENCES `player` (`id`) ON DELETE NO ACTION ON UPDATE NO ACTION,
  ADD CONSTRAINT `fk_team_has_Player_team1` FOREIGN KEY (`team_id`) REFERENCES `team` (`id`) ON DELETE NO ACTION ON UPDATE NO ACTION;

--
-- Limitadores para a tabela `transfers`
--
ALTER TABLE `transfers`
  ADD CONSTRAINT `team_buyier_fk` FOREIGN KEY (`buy_team_id`) REFERENCES `team` (`id`) ON DELETE CASCADE ON UPDATE CASCADE,
  ADD CONSTRAINT `team_player_fk` FOREIGN KEY (`player_id`) REFERENCES `player` (`id`) ON DELETE CASCADE ON UPDATE CASCADE,
  ADD CONSTRAINT `team_sellier_fk` FOREIGN KEY (`seller_team_id`) REFERENCES `team` (`id`) ON DELETE CASCADE ON UPDATE CASCADE;
COMMIT;

/*!40101 SET CHARACTER_SET_CLIENT=@OLD_CHARACTER_SET_CLIENT */;
/*!40101 SET CHARACTER_SET_RESULTS=@OLD_CHARACTER_SET_RESULTS */;
/*!40101 SET COLLATION_CONNECTION=@OLD_COLLATION_CONNECTION */;
